"광고,에셋이름",url,원본 url / ID
WAVE_핀브_전환_장바구니_자사몰_상시_매트_동영상_도자기유_250910,https://www.facebook.com/ads/image/?d=AQLz0G43jgktdSCWZXdAEW3uYjlcb8HujX0awEpDgn7m8RmKMZGer0qy5qTcY_12pe7FCGRxs7TEisqNeJkmglxFz1lD0WJ6fvdi8rpLxVEUgIYCJZs09FpB2dhhPzKdcJJDGi6cCcW8NrqwvAeFGxD-,https://fb.me/23bKt1OBkchSh5X
상세WAVE_핀브_트래픽_올영_상시_글로우_동영상_수분광지속_251207,https://www.facebook.com/ads/image/?d=AQLvF0INWN_UiZIt1Ma4Rc0DSpyKzbwQQd12rzyIfm-7j9dYoQADS8w89GWX7TaZ1h_fQ3yPW5cmvFNvk2SfC8fGQogtHWRmNP19D_y6R7kcvBakfdGIzjWrNivenEADlaI0BD1JcuhyMnFlcsiCchqy,https://fb.me/24Z6Saag2ixn8VQ
WAVE_핀브_전환_구매ASC_자사몰_상시_글로우_동영상_하루종일_250910,https://www.facebook.com/ads/image/?d=AQLtScGFE-SISuVEuRLj7Xqc0nE7R4Uc32_on3pAN-gH0jZFdcGEC8sxGnBhOx68dJVl37BJiDFKKJ3XHJjHV5EEgKDtpmp8HU_Mjus-_0H8E3GF-fRL_eBiGvGqsBogGbn9uh3Em0Syp0kizctp5fZV,https://fb.me/2aEWVcnI5xlkRDE
WAVE_핀브_트래픽_올영_사전광고_매트_기념특가_251128,https://www.facebook.com/ads/image/?d=AQLSnlQETink0sC8MAgA5_JB4Ih9VXvKCRZm_usc1dAkf8sxhXsEU1WSMt8jMi31Yv5plbZo9_jnmLFCXPCOFq6ZN1NS9ZwD3mIUJGnDUMrT7zpottbfRbBRN5NYTLWij7eUGWHypahuIaSROWKSzMlC,https://fb.me/2enK5q6NsXxqFmM
상세WAVE_핀브_트래픽_올영_올영세일_글로우_동영상_양예원_청담샵원장님픽_251130,https://www.facebook.com/ads/image/?d=AQLskit4vDWLXwss_jAVdcdEqM_VBeGgkptoTSLmUBEpU9D5OFmE2UwOYozQCTAZ1xsq0JtttDT8y9lU056av_94nf0iSivIZLl-ueLo6bidqMHNCkiO30lx1qC9H23dz4vlYEaqds0lSjZQQlmAyMAj,https://fb.me/2fSDgWDTTQOJgUc
상세WAVE_핀브_트래픽_올영_상시_매트_동영상_기은세ppl_픽싱_251226,https://www.facebook.com/ads/image/?d=AQLR9FS_gWduvpavI_esbUH4x3GSTqRPpNbCBSfZ8CyZzv8lCk-SEWQfSOtGDVUQfh54gYUpc-vSyB-kKlZH7dN8rafVh0s9fDKn44-iddiAVYqSu4ClIIcNUasWqEutyF31no1YgrYhUP3jlAsfGLWM,https://fb.me/1QRFcLn9OwHPQni
유사WAVE_핀브_트래픽_올영_올영세일_글로우_동영상_지민_촉촉필터_251130,https://www.facebook.com/ads/image/?d=AQLR4Srg4Pt40Ugx2-gqmXFE1Q03mf_W0MTMbW5xWc7rBqWYtEAVlBHo8IMdEtfkZ2k_HLSaRtPPPA6SKsULhGTBwFSLq1cjz0_5R_nbQXgj-GXgYV0LluyRKxLa9T17e3ob9DqFHFOwf_g6Wyegm5M6,https://fb.me/27ngExf30vdIWVw
wave_구매_asc_br_글로우_동영상_지민_수분코팅_251029,https://www.facebook.com/ads/image/?d=AQLQmgFkC9i7GcehR8VQumttEqkEGjb2WKZ0x3gSqOu6x0EOMONZUlZU-qwNcFYZPfdLqtFwMvh-qBES2A9LZ-Be3ZT-THM6LfWc1ww4_twDKQMYF1eZv5S7QnnYEPOCTBPDVLzgbJrJopNDGVCC4vhe,https://fb.me/2bZ5X3Jqmd7aEgG
상세WAVE_핀브_트래픽_올영_상시_글로우_동영상_포니ppl_사용한_251224,https://www.facebook.com/ads/image/?d=AQLP-LAa-APzfIaUN8hhyqsfUE_kFo2GSjLZ682agAGHjdI-S5wH4MEn7B14RGfuHYLyJF3_NWDKBlcR-oO590XnWDQ3AgV5hPB9QglpydPV4a-Lfg3GkqSsIFdln_-O6sOqFdWi9a8zadlK3sfiAeOZ,https://fb.me/1YH1MpSFBkdqu99
WAVE_핀브_전환_구매ASC_자사몰_상시_매트_동영상_12시간커버_250918,https://www.facebook.com/ads/image/?d=AQLoqp6BOH88t9oSFKH9kYJwtupZGrHJp2x28QWv8gjhqzKU8IRlIV-xtoAldk-1h2qM79l8oHX4D21TQEu6g8wwF1XGIfmQhqt3xE82IS53_MfiKQo09BOKpbgRbhAVV8GsuZqcV0Q03XBOoeRm7AxX,https://fb.me/1XMNrS3sIPN1R8P
리타WAVE_핀브_트래픽_올영_올영세일_글로우_동영상_속부터_251130,https://www.facebook.com/ads/image/?d=AQLNUy2_5l6chjEz8yGQyKZ82kXWYbVxKMHPlzIk0LxD-nbfSWvjLE9Ez5T4h4zMRbN2rlBGl2R4LNyr5QQEKvrwuTobDkP9i5riXlMUSSGhSOF_culPr35Hz06fHbda5s7UbHYs_6M7EGMlcOghWrln,https://fb.me/22Yh54B6rkpMItG
WAVE_핀브_트래픽_올영_사전광고_글로우_양예원_청담샵원장님픽_251128,https://www.facebook.com/ads/image/?d=AQLNFuECySdFvKfpX4lVXR_Lq-Bh6i-kHSVKuNk4Ao_6IHX4gN3Ufa4gg_1lDJ_mIUbNFC8PrQwbZnjYTFr1cpIGCCRXps1XVHj4C0WWewuybizDINX-pJZFz4ff02RjvHwcTaMgiZvKByNteDHgHMQF,https://fb.me/26QORwWewZexeN5
상세WAVE_핀브_트래픽_올영_올영세일_통합_동영상_드디어_251130,https://www.facebook.com/ads/image/?d=AQLMcXGhw4izqYptg-coVu614MAvbapHO-VPYr2FiJM1I0XmJSHE0T04mc2HC0r9xX4iJIUkB34vRF8NAJPtDZYVTIsmcdwGn1B1yLDot-brnDLIMFIQscXNEDEeqi-RdcdXrn2igScyWF1FqgOVMDUj,https://fb.me/2wGlHntTV6LtreR
(라이브전)wave_구매_asc_de_글로우_동영상_수분속잠금_251014,https://www.facebook.com/ads/image/?d=AQLM0sF1-OxEO5HnGuIn-4-XXYgyNkX9fDz8fIUOHzoTR3lxyfnI-9ZXAQ-84uYEshSm3Tj-HJyuxFgM0Ty1NnUt3gCiacUNUY4sSGepdTQsGYg--T-OSYhSZur9MWFekDHR8zwvmQ03s7TCrHKC4lpN,https://fb.me/1QxG7ijAVvldyrI
(라이브전)wave_구매_asc_br_글로우_동영상_수분속잠금_251014,https://www.facebook.com/ads/image/?d=AQLM0sF1-OxEO5HnGuIn-4-XXYgyNkX9fDz8fIUOHzoTR3lxyfnI-9ZXAQ-84uYEshSm3Tj-HJyuxFgM0Ty1NnUt3gCiacUNUY4sSGepdTQsGYg--T-OSYhSZur9MWFekDHR8zwvmQ03s7TCrHKC4lpN,https://fb.me/2YRch6EpV5XuVIx
WAVE_핀브_트래픽_올영_사전광고_글로우_속부터_251128,https://www.facebook.com/ads/image/?d=AQLkRoqimt-ID4jw3iElD6yHvqWI_aS2JkqIS_WxK8aYy2dbnsE0qsf38vRo82NICMQnigvbGPSwI4ip50T0tV_-TuYjR3oihkqbUjY4AcI1SHmz4ljPYbcEtTJr5P9SMezpRElNAWFRc9gJPrbAxU31,https://fb.me/2740DnvCl0CXwsA
WAVE_핀브_트래픽_올영_사전광고_매트_민경_매끈블러_251128,https://www.facebook.com/ads/image/?d=AQLknAbZiRExLTPmgjtvv_g52Fy7Ix6Nb4wgceB1CJ7VdxSO0Sg1qxdC0fXvUtpNcCItWPbVRLkOIJ5WmGxqWQw-cokn2epzd08Fkdu4v4v-NpgNlebm5dZZHn_1oAZaOZ2mYfFZuPBFu-FiVDSgHid3,https://fb.me/1OZl2pfRae4SDTe
WAVE_핀브_트래픽_올영_사전광고_통합_올리브영입점_251128,https://www.facebook.com/ads/image/?d=AQLkK3gZG8GRsSIO7t94yaQWLtoZU_GiiGPELFozEvAqEWOAvK8APTFh9CRdGxV14tE1Im1ryDFdmT0URLJc-cDtc41m667ct5dAa5HeJXsoQbFeegztLJHQ9MoFUu5Ma_QVjxraOi2SIWkGkbiebROT,https://fb.me/2FQvuzrxpYWASkK
WAVE_핀브_전환_구매상세_자사몰_상시_매트_동영상_내부소재2_251002,https://www.facebook.com/ads/image/?d=AQLJ75xbeDOxX5yLsOeyrg4TVEBiNmuvMshA4kmgFoB7tL8P4OWFA-KfMFWqMMvHJt_TfpKPtHL-Ks5XMfypo4D1Zj3v_sef2_yamQEZsrhfOzscN3uO69YQzN2Kdn3JekPgDYOm-At515QywsLsbo-0,https://fb.me/1RfcdvT75T3TEIg
상세WAVE_핀브_트래픽_올영_올영세일_글로우_동영상_드디어_251130,https://www.facebook.com/ads/image/?d=AQLJ-XniI1BA74WSuvACq383TttjC06gwIwXT-6I7lKjQfyp77EQjjOI7FR9qQCYhO3GsHpCYHrJXR0Yh98FqxyhnY53xqbmIwJn9qrP5YIo8CGIxdjQ-o7Q01NVvqbTOKhooIUbNBANzKaacoMLbNUJ,https://fb.me/1RhRBiDoEwXaelB
WAVE_핀브_전환_구매상세_자사몰_상시_매트_동영상_세련된매트스킨_250918,https://www.facebook.com/ads/image/?d=AQLHPZmfhPcM75pJMocOU3Za_xjbdCtwXIyTSX7C9Fi7E0KKUTyXEroB7FaoEGVam2z32kexIPEvL_txNTn6wyvElDG-8DSlPTeAHBGj0S5pXjj4qcMVqjZvS3Z-c9BYo1H_X0JCreFg_HS2-8FU8WjQ,https://fb.me/23HLtLHaPQJSkDz
WAVE_핀브_전환_체험판시작_자사몰_상시_매트_동영상_민경_도자기피부_251029,https://www.facebook.com/ads/image/?d=AQLfoRZIP9QYPmSJz9OVyFdNRNMpTUCdgtMOvGF8aE_Vc9Y013agYft9yUF-fBkmjZvzlKf2T7fqEsdHaRn8mTRBagHTF7OozfjVAHkHAUMQa4kepVa4Qw2q1uP8DoBrDfDIO67ILQEsCGDNZfoeK62m,https://fb.me/2bcMpBGl2qicZkL
wave_콘텐츠조회_br_매트_동영상_민경_도자기피부_251029,https://www.facebook.com/ads/image/?d=AQLfoRZIP9QYPmSJz9OVyFdNRNMpTUCdgtMOvGF8aE_Vc9Y013agYft9yUF-fBkmjZvzlKf2T7fqEsdHaRn8mTRBagHTF7OozfjVAHkHAUMQa4kepVa4Qw2q1uP8DoBrDfDIO67ILQEsCGDNZfoeK62m,https://fb.me/2p1wKgXVup9u6Pu
유사WAVE_핀브_트래픽_올영_올영세일_글로우_동영상_양예원_SNS입소문난_251130,https://www.facebook.com/ads/image/?d=AQLDYznXSv9kG3G-JUPjd9OFjt0viUzGVRFiiAQlsnDCI_Bz58UDMYEnQRaC_d0pa1NolMJOBpAS7m_a6_0ss-ecAxxBVDnd2wnz_-muS_NnGdFOw5KfbWHh-0XLN5mtNAEsMInQBLjiQ7-GjKwPQFjQ,https://fb.me/2ZOgZuB8esPfEkg
WAVE_핀브_전환_구매ASC_자사몰_상시_매트_동영상_도자기최_250910,https://www.facebook.com/ads/image/?d=AQLDxzX-nGeprnLxftYn2MA3nlbBT4ZrXd2F1fmG723IAuTHv3QHu3hmIZOHPjQ047iSv89xvEs3M7JNO7iv6ODAZU7WazFNHL6NaMRrw7AEvzLrXRocfO99M5x7YQG2A9SFBwXSrTmYtZCvGDAnn4v8,https://fb.me/2e7bqRSmRqEGMe6
리타WAVE_핀브_트래픽_올영_올영세일_글로우_동영상_양예원_청담샵원장님픽_251130,https://www.facebook.com/ads/image/?d=AQLDTCcFKAAbbtDCnj1sS9OIjv0uKUtuRk3totg1oVFEc4TK_e8i3g29EBLYnOJPouQ2liv3tuAjPuzI_53qYK2Ji84Eu69xJ1F5JoYIwDwUqlLxs5apoxIKshP4bUtkJzvmsgvFXTC2nw5UJ_hIuXdV,https://fb.me/1PUv3oYZ14bG9wW
유사WAVE_핀브_트래픽_올영_올영세일_글로우_동영상_양예원_청담샵원장님픽_251130,https://www.facebook.com/ads/image/?d=AQLDTCcFKAAbbtDCnj1sS9OIjv0uKUtuRk3totg1oVFEc4TK_e8i3g29EBLYnOJPouQ2liv3tuAjPuzI_53qYK2Ji84Eu69xJ1F5JoYIwDwUqlLxs5apoxIKshP4bUtkJzvmsgvFXTC2nw5UJ_hIuXdV,https://fb.me/27fZrZ1SzSNLWVY
wave_구매_asc_de_매트_동영상_내최애쿠션_251017,https://www.facebook.com/ads/image/?d=AQLcZGvHYrdh_x681tP-XlCOeeeXXMjwhSjQUkZ31Ac_qtsP3yoQsZLVgu-YkjUE1Oi5KcWpN0uOKYXEMT4Eb0T-AH2guKcwTlZ61859DYje4VYwbyFRDgFI_186tEkqrljNEAgPev0qmVsQ2CF4MlWt,https://fb.me/1VhbIsLLee0QyQl
wave_구매_asc_br_매트_동영상_내최애쿠션_251017,https://www.facebook.com/ads/image/?d=AQLcZGvHYrdh_x681tP-XlCOeeeXXMjwhSjQUkZ31Ac_qtsP3yoQsZLVgu-YkjUE1Oi5KcWpN0uOKYXEMT4Eb0T-AH2guKcwTlZ61859DYje4VYwbyFRDgFI_186tEkqrljNEAgPev0qmVsQ2CF4MlWt,https://fb.me/2i0wzqSti1HFbW0
WAVE_핀브_트래픽_올영_사전광고_매트_민경_롱래스팅_251126,https://www.facebook.com/ads/image/?d=AQLCXrYtgPVeQuO-iAyHaYRA2r-t5uKUaOPLoSO0XRxgrX1EiigMYiMycscK1P2cN5LAOigaG3_ErBS4t8jCcbU12q-cIreiCoKzMLHIQZe0v1JsfJkNIzgsFTaRogJPlwYuBLHZfHxy8Hc61BXEW-R5,https://fb.me/25UgGT0kzWCkhDl
리타WAVE_핀브_트래픽_올영_올영세일_매트_동영상_민경_롱래스팅_251130,https://www.facebook.com/ads/image/?d=AQLccZ4XAIKDIWaLHJNNoj9dCTvP8gSZOZfBv10Y_BzGj8aKg8sGVhbBATb4fX_abyUllyGo8_GuN5O5d6zNI1_eGq52_xN77j7vwDjjzZSjX61yvwdSJltgoNd6LZEtzQaivk0mgvhcUiQlk0dX-OSy,https://fb.me/2eeWWP4dFJkWcBy
유사WAVE_핀브_트래픽_올영_올영세일_매트_동영상_민경_롱래스팅_251130,https://www.facebook.com/ads/image/?d=AQLccZ4XAIKDIWaLHJNNoj9dCTvP8gSZOZfBv10Y_BzGj8aKg8sGVhbBATb4fX_abyUllyGo8_GuN5O5d6zNI1_eGq52_xN77j7vwDjjzZSjX61yvwdSJltgoNd6LZEtzQaivk0mgvhcUiQlk0dX-OSy,https://fb.me/2evAjOqXUUS8voz
상세WAVE_핀브_트래픽_올영_올영세일_매트_동영상_민경_롱래스팅_251130,https://www.facebook.com/ads/image/?d=AQLccZ4XAIKDIWaLHJNNoj9dCTvP8gSZOZfBv10Y_BzGj8aKg8sGVhbBATb4fX_abyUllyGo8_GuN5O5d6zNI1_eGq52_xN77j7vwDjjzZSjX61yvwdSJltgoNd6LZEtzQaivk0mgvhcUiQlk0dX-OSy,https://fb.me/1X5MmdcsVqWTnRX
WAVE_핀브_전환_구매상세_자사몰_상시_글로우_동영상_내부소재1_251002,https://www.facebook.com/ads/image/?d=AQLb8vUKA-p3JpVZ6KtNZCNzlBjeMYdiO3052apFAivJly7Q5O1FEdFEoDoqWlJGfDPlO1cmInjOaoa5iBlNBFRp_phGX8mOMayw_CVJwBvhCoCm4QST_WI7rkkbCRFhZPTzWMX_ytyEssEyPpLp7RfB,https://fb.me/1REvavjn0sZs0LO
WAVE_핀브_트래픽_올영_사전광고_매트_민경_매끈블러_251126,https://www.facebook.com/ads/image/?d=AQLAayGC_WvMyVKkKgFvW3uDDpwXPAbQPGnhGxuBYKQgjxTjdllY5fcUJ_BClaIPQF4QKtyW85G43PODPbw8FPkPfX--egqgAtg_NW7QGOLPFQ3qH6kBiZulFFKPWR5wzhMHSlYE54YySMqB_DjtVkRm,https://fb.me/2djhZUgwXfk0il2
WAVE_핀브_전환_장바구니_자사몰_상시_매트_동영상_도자기최_250910,https://www.facebook.com/ads/image/?d=AQL85VenkGGipR4jDmuIgaliveEhbgpkxvFxYMhp3oKl2Ifv4w61BxAlfLCeXRC4lh_rtvFn2hc753IGhfX4XkGOErvrfO7pgXZ66BWr2o3c2UEv2e7oTuUgidQ7DxyzPv5ZiglYBxop2zgog4hRhsfV,https://fb.me/1R7er7HftpfJiKw
wave_구매_asc_br_글로우_동영상_양예원_하나로끝_251030,https://www.facebook.com/ads/image/?d=AQL7gC9YAna5WaWhJ_zw9ddFAMyjrG5CeLFjlJPCrHe3lbx8u6M6hO3Ik5Z_HEdv8QvW_GTfcO19X7HPt7y-GEVqk6t3qNYwut2WGjnlkiotLqW181EyvAPE8KYIicRPoACcnsbJD2TTx4tR2XZeajVf,https://fb.me/2chGfD2XNif5r84
WAVE_핀브_전환_체험판시작_자사몰_상시_글로우_동영상_지민_수분쿠션_251029,https://www.facebook.com/ads/image/?d=AQL4jobPDAdarRO3m3mxjTF_PUS26vEoFZ0loqcCtBY8cAnJ6STbMqSA2cE7kVx8Kh3GLtUgIitQI2-hrahTGajZuHfZN8-5qI4Yo4E-cvyXf4Da1WiEZVaeIOcf0e_2lvcRa8afjpcWZPVtY_JICotp,https://fb.me/1RKMGYVCVxq2Dy2
wave_콘텐츠조회_br_글로우_동영상_지민_수분쿠션_251029,https://www.facebook.com/ads/image/?d=AQL4jobPDAdarRO3m3mxjTF_PUS26vEoFZ0loqcCtBY8cAnJ6STbMqSA2cE7kVx8Kh3GLtUgIitQI2-hrahTGajZuHfZN8-5qI4Yo4E-cvyXf4Da1WiEZVaeIOcf0e_2lvcRa8afjpcWZPVtY_JICotp,https://fb.me/2T1q1zq91U8C1St
wave_구매_asc_de_매트_동영상_김서연_도자기쿠션_251030,https://www.facebook.com/ads/image/?d=AQL3rB1FQmx7v4hnFF7uWtnaDK6vwXJfQnC65rttoKWeE0CSeQjF0_zS6y45O1zEPK3qgnNHpAnGKZIAzOsyQSWyLaXTBM9N0jU_WKGwi0J_q-tNJ1-qmKkuvkicCOPHJmVJ5kOZlTFQiQnegltp_a_Y,https://fb.me/2s6wFeOFy4GzaMk
WAVE_핀브_전환_구매상세_자사몰_상시_글로우_동영상_하루종일_250910,https://www.facebook.com/ads/image/?d=AQL312mu7IUAp_iFZbAQpFEgn-5BiGDlgSIwcm7Cbv9SdURfnv1aYZBsuKQGPiJmX5TqiwZ8xvOCwc8-ZQnVBMRHrbubJyvYzjNYOFq334BpSy9pxZtcPV0F0NVDfp7V_S8j7Zzb-c8c4k0UxvMDf-7A,https://fb.me/26SIJk4UlY3ZgXf
wave_구매_asc_de_매트_동영상_민경_실키_251029,https://www.facebook.com/ads/image/?d=AQL30urwTvIjpK9qb5xRhYrrcCzIJHu_Kw4GBoGjsmgcRInQ_jqQ1uh7nj5vQ2bA5P9mhNucR8Css3sNrnAmREKmYqKQbbRk3BFtBP6Ajtwc_dri4lHlcBhWhzkIzlSrklPq2Z1YNCNvBrdUqPVoOthu,https://fb.me/1YILcl89aBRiUnX
리타WAVE_핀브_트래픽_올영_올영세일_통합_동영상_안써본_251130,https://www.facebook.com/ads/image/?d=AQL1OA1yCEZZK6TOcg9RzEnR3yqSz81b-cO9XmTZ5wfqQHSwVdELvhbyata1nyziRb-kU6Qxh-JYdsSBU7lSYip6RjCIasQoULwhg66aodiy4Om-8YwEXLeymPCHLyT4ta2ZN5wh91SWtDkZS8xFxW5a,https://fb.me/1OZPeZzFY7qq2ZD
상세WAVE_핀브_트래픽_올영_올영세일_매트_동영상_민경_입소문_251130,https://www.facebook.com/ads/image/?d=AQL1FqmOre36nbGOriQHi_KSEsc7a7jIZaMecOIdA1vB3gGilmnDKLNMHr8mFTrJsSJVq4Pv6ex698cjdjMKrfP-6enAXz0C2TGrntZSO4aiZflX2j39juh5kR1ImEHgTMFCfQbwSN0rEi4N2WI4TwXg,https://fb.me/2hQ2zbVOr0aFVTn
유사WAVE_핀브_트래픽_올영_올영세일_매트_동영상_민경_입소문_251130,https://www.facebook.com/ads/image/?d=AQL1FqmOre36nbGOriQHi_KSEsc7a7jIZaMecOIdA1vB3gGilmnDKLNMHr8mFTrJsSJVq4Pv6ex698cjdjMKrfP-6enAXz0C2TGrntZSO4aiZflX2j39juh5kR1ImEHgTMFCfQbwSN0rEi4N2WI4TwXg,https://fb.me/1XY0IK0Gommr3iP
리타WAVE_핀브_트래픽_올영_올영세일_매트_동영상_민경_입소문_251130,https://www.facebook.com/ads/image/?d=AQL1FqmOre36nbGOriQHi_KSEsc7a7jIZaMecOIdA1vB3gGilmnDKLNMHr8mFTrJsSJVq4Pv6ex698cjdjMKrfP-6enAXz0C2TGrntZSO4aiZflX2j39juh5kR1ImEHgTMFCfQbwSN0rEi4N2WI4TwXg,https://fb.me/1QZUmfx6DP7XU2M
상세WAVE_핀브_트래픽_올영_올영세일_통합_동영상_안써본_251130,https://www.facebook.com/ads/image/?d=AQL0malPVjQ0kxd_plw6vulNMe-IQJPZ0oLEyBWESUgP9UYRHRaPIVjgiGCFXLpoW8OEcptk1mP91dgaBE1jr8JsqL7iT8AvxG4TML7vGxItBXqTgeszkl3sWHcISSsr7i8yb0nzAwMNvdPXCet38zGU,https://fb.me/1RCCO7lvFwaU8t0
(라이브전)WAVE_핀브_전환_체험판시작_자사몰_상시_글로우_동영상_수분촉촉_251002,https://www.facebook.com/ads/image/?d=AQKy0Emue0IMPLah0_MRtRoZUXndGusWjCAlo7QxtshOseI2Oy4tPf6-IIrTVHPLda6jL8U5or4noTdxbDR75f26_AhXnPdv7w-GevNwxDzIITIel8jODrJPF_S25dxde2UbEjV-Tww68KBhR94e8sJ1,https://fb.me/1Rao5GGR0k1LOhU
WAVE_핀브_전환_구매상세_자사몰_상시_글로우_동영상_수분촉촉_251006,https://www.facebook.com/ads/image/?d=AQKy0Emue0IMPLah0_MRtRoZUXndGusWjCAlo7QxtshOseI2Oy4tPf6-IIrTVHPLda6jL8U5or4noTdxbDR75f26_AhXnPdv7w-GevNwxDzIITIel8jODrJPF_S25dxde2UbEjV-Tww68KBhR94e8sJ1,https://fb.me/2a49fgiadBmyooG
리타WAVE_핀브_트래픽_올영_올영세일_매트_동영상_손예원_뷰튜버원픽_251130,https://www.facebook.com/ads/image/?d=AQKXp8e-ddnlKuEoaDUSXSMCSlhXvmWsRryTu3PxjtAIIqLmewbCHiAixiFOCUiziZ-MTwdg3C9UNQKkbRq1jhvddntD2WkIySRdBSdxGcOH1stMeQ71thHPpeytBhkwQniOWLIaW92Y2Bhst3ijFf5d,https://fb.me/22C0ZFTVbBAl1hu
유사WAVE_핀브_트래픽_올영_올영세일_매트_동영상_손예원_뷰튜버원픽_251130,https://www.facebook.com/ads/image/?d=AQKXp8e-ddnlKuEoaDUSXSMCSlhXvmWsRryTu3PxjtAIIqLmewbCHiAixiFOCUiziZ-MTwdg3C9UNQKkbRq1jhvddntD2WkIySRdBSdxGcOH1stMeQ71thHPpeytBhkwQniOWLIaW92Y2Bhst3ijFf5d,https://fb.me/24E1yq9Dii9fG4o
유사WAVE_핀브_트래픽_올영_올영세일_통합_동영상_노검색_251130,https://www.facebook.com/ads/image/?d=AQKWsJ0Wz5zOiwM8hl3H_wIHDJXV-0A1BK6JEu2_aLGgaLyq_8c27ZtqEGyKgYLC_uLVNz7L-JOquofSVIIoi9bO4EtIORhFATCq7iEOBPgs506s8FW8JVJhg2XLa5HCwBq2N6ouYI5iPe616oMb1fd9,https://fb.me/2jXkW5kmbMl8yPv
상세WAVE_핀브_트래픽_올영_올영세일_통합_동영상_노검색_251130,https://www.facebook.com/ads/image/?d=AQKWsJ0Wz5zOiwM8hl3H_wIHDJXV-0A1BK6JEu2_aLGgaLyq_8c27ZtqEGyKgYLC_uLVNz7L-JOquofSVIIoi9bO4EtIORhFATCq7iEOBPgs506s8FW8JVJhg2XLa5HCwBq2N6ouYI5iPe616oMb1fd9,https://fb.me/1QVqP1y2gdmI1GW
상세WAVE_핀브_트래픽_올영_상시_통합_고효율_동영상_히터_251230,https://www.facebook.com/ads/image/?d=AQKVMoGjuRKI1wTVu4YGNtTBkKHIujJvXSo0NV5qxz4ZoaVQ5Vfc4sHLv93Ewnr6n2T1WBT1GGxqOFH2T_s8lSdvJKLGv8Yq_ssIeuvhrOoYAM-3k_Xony90Ao-5imu9jKjRh2V4-MzEk7TYjJTT1z5D,https://fb.me/2bARcM86MWLVw5D
상세WAVE_핀브_트래픽_올영_상시_통합_동영상_히터_251215,https://www.facebook.com/ads/image/?d=AQKVMoGjuRKI1wTVu4YGNtTBkKHIujJvXSo0NV5qxz4ZoaVQ5Vfc4sHLv93Ewnr6n2T1WBT1GGxqOFH2T_s8lSdvJKLGv8Yq_ssIeuvhrOoYAM-3k_Xony90Ao-5imu9jKjRh2V4-MzEk7TYjJTT1z5D,https://fb.me/1ORagTpxcRlj4kT
유사WAVE_핀브_트래픽_올영_올영세일_글로우_동영상_속부터_251130,https://www.facebook.com/ads/image/?d=AQKuuSLj9UOGdDuT8sy0MqW6m61empDqNLUqGGinxSWIzDTy7oW2k7W4vQ4OG_dVEi5ZPRiN27PQ-rGM47gxRPAwaSObUWHNzkZ1o4DgoodPmJxIgAfval2lDGxLNTXfVDkRn0CNoGQuCTQr09HtKOGA,https://fb.me/1QlGqe3ovzaLLUn
WAVE_핀브_전환_체험판시작_자사몰_상시_매트_동영상_내부소재2_251002,https://www.facebook.com/ads/image/?d=AQKUPkAYmL8frR6LX1I-4DfN6Yj5VdtBIu2UxgA2QgbuOHXfXyNmfRwRw0jyUXM8vP2Ta56ydEn444H-0z39hUVFTZJQg2Egnbvp6B_yjIAlplyk63zMVYeP_b1ja_UNST4GhqnkSqdrxyaB28Sl7AVw,https://fb.me/2hVxBy4Q8567chP
wave_콘텐츠조회_br_매트_동영상_내부소재2_251014,https://www.facebook.com/ads/image/?d=AQKUPkAYmL8frR6LX1I-4DfN6Yj5VdtBIu2UxgA2QgbuOHXfXyNmfRwRw0jyUXM8vP2Ta56ydEn444H-0z39hUVFTZJQg2Egnbvp6B_yjIAlplyk63zMVYeP_b1ja_UNST4GhqnkSqdrxyaB28Sl7AVw,https://fb.me/214fsPez4rvbrjD
유사WAVE_핀브_트래픽_올영_올영세일_통합_동영상_드디어_251130,https://www.facebook.com/ads/image/?d=AQKt9vnzFIlfIoiGzV6U4tqRJ7_BVFxtZYrkgqjo90ar843_3G8PN6RowFpdqTJts5WuI4wZCs6aRizL3x348ycXJ2PTmyMRkd1XxM3kqdcx0d-Xgx6fASb6YpBmVTk2dDBk9rr8AsCTpxfDZn9bBZ12,https://fb.me/2bLO9peolB6C1FR
상세WAVE_핀브_트래픽_올영_상시_글로우_동영상_겨울철히터바람_251207,https://www.facebook.com/ads/image/?d=AQKSaLP4m6jiRDgN5xb_yBrD579HFVlPyWNudnGi9UCJu3IR1QzKd87mSqP7Qg4kDCnpl5n8fnRS8LZwkDrIx6tDOeKn4a3y1rH5rcn8yZnlfHqkxjwviljTrRnSSDbSUnRvn_tYLZb4ryQXf4ehI1u5,https://fb.me/26nFxaZL84ISLmT
(라이브전)WAVE_핀브_전환_체험판시작_자사몰_상시_글로우_동영상_수분속잠금_250925,https://www.facebook.com/ads/image/?d=AQKRflTfSl7f667TQNIu8kYiphRdR72UbnuWq2kXN2oM3uiZqw7EX8sxCXEBDltBAwTSGgyf5G5P0WuMDJrai3Nl0QJbZf68Bm_zXxuBN2N_vPWzRU0zaj4oCuP1CweIzbA8999FsVkBfjUf3ctnnNNO,https://fb.me/1UyXKAQUFnH1Owe
wave_구매_asc_de_매트_동영상_민경_고민_251029,https://www.facebook.com/ads/image/?d=AQKrERWeCBKNO_U0KpxetadOPL8p6FJS-M_mPndXJp7DgDlCPZ1oNy7XfMyXL4j_oLv1GlWHg-4yZW_1il2qduX7PBnLZ1poGBeMZXaGOnz-AcaOepPPiVtTRZVI6t0Rk6sukhMb8r1JULYEoxtd8qVl,https://fb.me/276EW60qlhShjTl
리타WAVE_핀브_트래픽_올영_올영세일_통합_동영상_올리브영입점_251130,https://www.facebook.com/ads/image/?d=AQKQy08lUwczjOyW2u7EFMiUrjEFRrUNm951mq8lRJTn2CG623QFd3wuVxo9Vw8McdFutp7DSodNPTpmgko92-cJmqZGA_Ic_lESjz8d5vdYGlyshd7oKMokZqoNPnaQHd8tLENwYbP3Qgr_rN_kf_SQ,https://fb.me/1MBPetpuw4i3LTG
WAVE_핀브_전환_구매ASC_자사몰_상시_글로우_동영상_수분속잠금_250910,https://www.facebook.com/ads/image/?d=AQKqG-Pe9mXi2fMbNxgt84l5qHTRg5xne3L68V0EF1uKdQy8Ylbqq9XcZ10e8n-o0vM3gkscQhVGjj63eE2oee3oHlZzih8u4PtCPPrDAj6r-L1tJB_bqkTH6WhCZ2PZRAQtEB1V8GcMMCCUW3t6LlEJ,https://fb.me/26uuWXKJuynwU7P
WAVE_핀브_전환_구매ASC_자사몰_상시_글로우_동영상_수분속잠금_250910,https://www.facebook.com/ads/image/?d=AQKqG-Pe9mXi2fMbNxgt84l5qHTRg5xne3L68V0EF1uKdQy8Ylbqq9XcZ10e8n-o0vM3gkscQhVGjj63eE2oee3oHlZzih8u4PtCPPrDAj6r-L1tJB_bqkTH6WhCZ2PZRAQtEB1V8GcMMCCUW3t6LlEJ,https://fb.me/2l5OKfk9WIbGQIp
WAVE_핀브_전환_장바구니_자사몰_상시_글로우_동영상_하루종일_250910,https://www.facebook.com/ads/image/?d=AQKq1U1hcRAQaFeuGrw09RaA1SAW2EqjJW2kgALEowX8BjRVPZMOzAUU5R7Tyhm3VkyahlGBaRC6ImDwaHJzbifPIK_1UBaw36gDiDOQITkpXvknDyA2kMoNvql9apG7Ru3TyuP0jOxHsIVYz9x-imD-,https://fb.me/26MUd9VrbitMEAG
WAVE_핀브_트래픽_올영_사전광고_글로우_양예원_SNS입소문난_251128,https://www.facebook.com/ads/image/?d=AQKOfN1RJRX4PrB7LbNIdPUeQdIjlxNIoaRLQNWs0ZttyIAHcrfSJHZRNgd2-Qn6V2_8WYpqYwKOGRbkj4mbJCq4V8ccPhVTNfF6N9DcZ8mlmBCmUWwWOWlJr54G6ohJo1VNklOolXiiqFn2xVJOD_gL,https://fb.me/1QXVsYKv5RnIr2W
상세WAVE_핀브_트래픽_올영_올영세일_통합_동영상_정보_251130,https://www.facebook.com/ads/image/?d=AQKO4oXoMBCpykka1JIkNHChqtF8pRcZ0wbBbEM5Fv_FW_-R8GOecU7EMCSpa7aywZTEiRsSqS9tuyYpT04ju8Rk3339z6Nj3-K_XKSq0dvexXtgQPNmz-CbbFS0w8rI0PHsAKEI6XO_iMulWZSo7Jlv,https://fb.me/1Z5Oi4PYSQddlXR
상세WAVE_핀브_트래픽_올영_상시_통합_동영상_타입_251215,https://www.facebook.com/ads/image/?d=AQKMNL4fSuHaxCzr57ytqP1_yV4WsXG7WnsOT7uTBm0zhT2xq4jr6G9RSKRnDtE4ll9YeTRgwXugV5AtVfc-uq8zlkqAWpUKoHnlj5OwI9AljWvcNpQhPXbqfFx4Xh2nE5-D_X34aQPql1s3NzBjxfsO,https://fb.me/1NyIkuGG1obrDWo
WAVE_핀브_전환_구매ASC_자사몰_상시_매트_동영상_세련된매트스킨_250918,https://www.facebook.com/ads/image/?d=AQKKNtQ0UjfF7mvoerF_YT1Cf3NF7W9jkc99kqDRxLnPba6joegDqO3QPmJRUB0047Ch2MiCNPIlIaqQQQXe-GkM0No_1DG7EqdDportvGPzL77HCWPzXYLHg3auH_ELHAiCcthGMQznqZaDD5REZ8XY,https://fb.me/263uidnRniQRxw6
상세WAVE_핀브_트래픽_올영_상시_글로우_고효율_동영상_히터_251230,https://www.facebook.com/ads/image/?d=AQKklM7a8kokea5g0X7BWabhVR_qM7uw6tldg8QsiSwac8DjkBk2w56fovOe07gHgw7la5cFibZ9D20zE31rXibUMMnYDBwuDv0VjUlzohajJD8cwHf7ombuwiZzeQzyg-CpeW3TTWOy93Il8ZEM-HHv,https://fb.me/26YASvSPQqpyUXB
상세WAVE_핀브_트래픽_올영_상시_글로우_동영상_히터_251207,https://www.facebook.com/ads/image/?d=AQKklM7a8kokea5g0X7BWabhVR_qM7uw6tldg8QsiSwac8DjkBk2w56fovOe07gHgw7la5cFibZ9D20zE31rXibUMMnYDBwuDv0VjUlzohajJD8cwHf7ombuwiZzeQzyg-CpeW3TTWOy93Il8ZEM-HHv,https://fb.me/2j1Mlz2aILMKurO
리타WAVE_핀브_트래픽_올영_올영세일_통합_동영상_마감_오늘마지막_251206,https://www.facebook.com/ads/image/?d=AQKjMwlAubzmclJcMCRTrcUMaxjd29xbGv-ztK0oVWZzbTj0Pc81hH4eieQcGGa8XK8YH5Q5TJKvekwVI7oD1TOCqguQJfyUkZLQyuVtPlbE_yZF0KV2wtFlsYwxVc7YdiLLo9r3w77QVyDB6QJPtp1c,https://fb.me/2eUD0I0Xb5nGW3p
상세WAVE_핀브_트래픽_올영_올영세일_통합_동영상_마감_오늘마지막_251206,https://www.facebook.com/ads/image/?d=AQKjMwlAubzmclJcMCRTrcUMaxjd29xbGv-ztK0oVWZzbTj0Pc81hH4eieQcGGa8XK8YH5Q5TJKvekwVI7oD1TOCqguQJfyUkZLQyuVtPlbE_yZF0KV2wtFlsYwxVc7YdiLLo9r3w77QVyDB6QJPtp1c,https://fb.me/27xgiCJdMt8fSnq
wave_구매_asc_br_글로우_동영상_지민_여배우광채_251030,https://www.facebook.com/ads/image/?d=AQKJdmrTo-kahCCmtQ8Wilh7NRLMG9QnUeOWM-d8eS4Kq5LMQdrnO-c-a1eVhwjpWOQarkVwgbsKh4bx17yXivHUXyUfDaxMc5N7RxD2eczF7PaSoDLdm-dqrI_z4xL8sK3yt2aLJLN56Yo0G4W2_uW0,https://fb.me/26jyfowdOvgfafC
상세WAVE_핀브_트래픽_올영_상시_글로우_동영상_크리스탈_251207,https://www.facebook.com/ads/image/?d=AQKJ_SOYQR8budRo5o8DOAwV_6YG8ZAjN-pnmAfPAbRvs3c33VdNPI4VQbMtB0aE68dakSCflArcxj6bc3zaIc0PPnt3yeMKkeXY3wrKqDydTGYmm-hhnKulQjQhvZMEQwes_obGFJpZyf3mpG3YLJL-,https://fb.me/1W3ynfqdXHwiE11
WAVE_핀브_트래픽_올영_사전광고_통합_정보_251128,https://www.facebook.com/ads/image/?d=AQKiM-FtrkJST47--KVY0dbinjxmEoLj5YssC_Z4aBtOX2TZw0oYD54P9JWrTd-ClWAQGELsKHAANaLPG7YTZ3_BEVIfsTZF8dAewcEjThBjeyKj5KJ-Yj173-uID9jNxzW5IiEzhMZTxBpkLtzB5ZGr,https://fb.me/22p3vTs6gpFiY69
상세WAVE_핀브_트래픽_올영_올영세일_통합_동영상_다주는데_251130,https://www.facebook.com/ads/image/?d=AQKFD0t72bamPb4p0tXLBjqqVWZmQ-Lw4d_lh4X7wmt3wE5pPxjpzr9ya2JjHDtyIv2Yxf08o4YKcp2dn6RlaFPaVDS0-12OrsTdcJXG17_1lvd8xIZTrbxY2FDDJ3ckDnx6VwCt_xweuhvIbCodl47Z,https://fb.me/23zmdtGurUGcVpL
wave_구매_asc_br_매트_동영상_민경_실키_251029,https://www.facebook.com/ads/image/?d=AQKeZ_KjJ3nxm0rMmhRGC6YZRBuW1jgEVrYOye5x3p_U6mesreV_QAdQLhW0DMGnHA6tBM4ZnHIdPAfGsG-vcwgDotT-cCYIN_NL2EpjQtvPl4Yz8M1WVmqx9vl5rhEniGHfI9zVFed0TUzLN2tTi912,https://fb.me/2v0S1dATOtb2wS1
WAVE_핀브_전환_구매상세_자사몰_상시_매트_동영상_도자기최_250910,https://www.facebook.com/ads/image/?d=AQKESSz9vt8cefCX_T3KqtM7YCShH4a7zYyRe6XZs-WVYNLGF8h-Xh-BKYhAhlTDxGVclahPtMxO9zZH8y7tUwacpZzEJWK-DLiiGeN4GpfiMoOMAYNUKP3er2xFa_seNReZ2jM5cd83sYg9Y2y4t5rw,https://fb.me/xOTziXOUHHQs0HE
WAVE_핀브_트래픽_올영_사전광고_글로우_지민_촉촉필터_251126,https://www.facebook.com/ads/image/?d=AQKdeRec3tyFgWTtDWyGh51OSpYA254NY8keczXBJ5EXLByccshIK_OrxqBoWuz8H55yNTW2VvCgz4chW2WWNQmpo997sLUHtrj_68PaLeJ3cI0GaJrJTBDrSCUG4z8xzjEU-96gt6vW5GuOYtodBIGS,https://fb.me/1RDbicFaGn6uU3p
WAVE_핀브_트래픽_올영_사전광고_매트_민경_롱래스팅_251128,https://www.facebook.com/ads/image/?d=AQKDbO2weGUbayuhN59tYputt1GEMEgmQvbv_YrBw48fDhtqkPDe1MJateTGFRv-72Ht5bsvA2Qh4Oa1ErV_H-yPMgONrbpj4MNFFH1sVjn8nDoXAhRrRzt623Z7JJC5lhgy8uXodfE8oRzo6UwkwpUk,https://fb.me/22yOinUDEnGHUOl
(라이브전)wave_구매_asc_de_글로우_동영상_내부소재1_251014,https://www.facebook.com/ads/image/?d=AQKd1SLYQgEiHBwS__U1FEw8uuCX7UHkcJtQ2-ZW2b-qayfCzjeVVWDd8jBcaQtZ8ieDuUFrWIBiNEcQkTAnHgqnzPkvk0qxXGwn3WwhxmCDnp4WjkZag7tMfb5RnyB0snArqfyl6xxHTiJYxFwwAFwQ,https://fb.me/25z2RtYyZAsgXm9
WAVE_핀브_전환_구매상세_자사몰_상시_매트_동영상_도자기_250926,https://www.facebook.com/ads/image/?d=AQKCp59XSlpD_hiCMu9lMN8KFovTLMVnn8sRQeaRgyAR6QB4JRvgWOFO87f-XXMqhBkRQjIF32-cAP1XH6lJsAcyIuF3L4cyemLA00D217Si-DlNaTs6RT7z1HBynWbzqVANSQfAqgbB7sZw7BSpy2B2,https://fb.me/1ZEYGqyeD9tYfIj
WAVE_핀브_전환_콘텐츠조회_자사몰_상시_글로우_동영상_수분속잠금_250910,https://www.facebook.com/ads/image/?d=AQK__jVwQ2T_LBeNqwwwnUoBLLZXJG2Us5Km8dO_V8x05ba2Vsm3GL0BvmZREmnFtuqfzFgEz9jslEamAqrDQVanuFRzJVt_-7iKMGbtq0CrqdJDOn9US7oAlCL8MsluZodOsIljp-tyJNkUQDlotmjD,https://fb.me/1TNIkzXBjRYbH4d
WAVE_핀브_전환_구매상세_자사몰_상시_매트_동영상_강력밀착_250910,https://www.facebook.com/ads/image/?d=AQK8MOvTFgnjmebPuKGEFP9r037Z5Tk2hD41HpLTX5ze34pmVLTcQOFOp3aZrlbDLOZyMZRoQCfuLiZO2LFR6190ACtdnqqDOPCXZkNEgky6HIZ4so4KNWuC4-sU1FC45n7LyD9Y7516VNc_4GfHWqBZ,https://fb.me/23pFRi9ISoAoNH9
WAVE_핀브_전환_장바구니_자사몰_상시_매트_동영상_강력밀착_250910,https://www.facebook.com/ads/image/?d=AQK8MOvTFgnjmebPuKGEFP9r037Z5Tk2hD41HpLTX5ze34pmVLTcQOFOp3aZrlbDLOZyMZRoQCfuLiZO2LFR6190ACtdnqqDOPCXZkNEgky6HIZ4so4KNWuC4-sU1FC45n7LyD9Y7516VNc_4GfHWqBZ,https://fb.me/1S2vYukp2fPeeQI
WAVE_핀브_트래픽_올영_사전광고_글로우_양예원_청담샵원장님픽_251126,https://www.facebook.com/ads/image/?d=AQK6SPiX74JXV2atirxiIjMcfyDSy74A1SA3PBbBwQKVEN0SSSQysf8AvPTF6VYdMjo8BbHI8lYzHplpqf-x0kjMYYhGl3ZCHCAfoQ0nJLfhj6bww1FqIZcq3zZ3pRuGcT78DlZrWOLeWrdFkSqJ1JDe,https://fb.me/1P5rn3LR2smmOVT
유사WAVE_핀브_트래픽_올영_올영세일_통합_동영상_다주는데_251130,https://www.facebook.com/ads/image/?d=AQK5ze9DReWMzfk_3L4i8canYoqwvj2_xtFJkhkQX9BhCWRjxff3Vq0O0TtL7u-2b2W7Kj13E-rxWVOnOgqT7GMpSWK5vuXTUkDjs9Bdlqvx82PbUXxtbc6eBY7O8iQ-thaOE-JT03dG0M5w-GMPzyBe,https://fb.me/28O1gO77sumhH4L
유사WAVE_핀브_트래픽_올영_올영세일_통합_동영상_올리브영입점_251130,https://www.facebook.com/ads/image/?d=AQK5FEA9YANMrPxGixZRhTdH6o3uRpwHGWyZtNPoWDiigFdawjB3BjHjo9E_fDn4zX3zux6mTZYoN_PbLqrIDyBussLgfJKFdgsvFDRkE4YTmwbcbYh6m-q7dubYsFPWdLg1Og-ty8_0-DPudSORNXxS,https://fb.me/1RgsTXA6G8p1d0p
WAVE_핀브_전환_체험판시작_자사몰_상시_글로우_동영상_지민_수분코팅_251029,https://www.facebook.com/ads/image/?d=AQK3PPrxYsQ93LEogXyA9d0LweH73wyKANj9AN1g0Un-qSHYBmiPAfldJ_2GNYu1qahhMvlITzbmttZtOw62vIGPQD8Tk2DIWXlv_GO6cvE4xA5Zc8ZeGZ9_RrjGL9WFOQ_KirGOxofR-x2qlQE8cyQ2,https://fb.me/2ajsrZqq3rXL5mu
wave_콘텐츠조회_br_글로우_동영상_지민_수분코팅_251029,https://www.facebook.com/ads/image/?d=AQK3PPrxYsQ93LEogXyA9d0LweH73wyKANj9AN1g0Un-qSHYBmiPAfldJ_2GNYu1qahhMvlITzbmttZtOw62vIGPQD8Tk2DIWXlv_GO6cvE4xA5Zc8ZeGZ9_RrjGL9WFOQ_KirGOxofR-x2qlQE8cyQ2,https://fb.me/xO9OojcuhE2Kas4
리타WAVE_핀브_트래픽_올영_올영세일_매트_동영상_기념특가_251130,https://www.facebook.com/ads/image/?d=AQK2T3GVoDiUlwNyJUHvHRlK6Rm7zOSCfkVpXwd7JQz-5F5Kwpz2v0_Gnc6UchMwE4Ej6POpHu-2R78EHDEVKkmpTw9nKJsl0_zLrngchwx0QLKRir1l2hzLGXWFUvi00a2n5vH2Scjz_XIhtGBkNNRx,https://fb.me/1S9XFnQVX3K9Fmz
유사WAVE_핀브_트래픽_올영_올영세일_매트_동영상_기념특가_251130,https://www.facebook.com/ads/image/?d=AQK2T3GVoDiUlwNyJUHvHRlK6Rm7zOSCfkVpXwd7JQz-5F5Kwpz2v0_Gnc6UchMwE4Ej6POpHu-2R78EHDEVKkmpTw9nKJsl0_zLrngchwx0QLKRir1l2hzLGXWFUvi00a2n5vH2Scjz_XIhtGBkNNRx,https://fb.me/1YqbIMU1hd2BKRl
상세WAVE_핀브_트래픽_올영_올영세일_매트_동영상_기념특가_251130,https://www.facebook.com/ads/image/?d=AQK2T3GVoDiUlwNyJUHvHRlK6Rm7zOSCfkVpXwd7JQz-5F5Kwpz2v0_Gnc6UchMwE4Ej6POpHu-2R78EHDEVKkmpTw9nKJsl0_zLrngchwx0QLKRir1l2hzLGXWFUvi00a2n5vH2Scjz_XIhtGBkNNRx,https://fb.me/30POLZb0UundwsA
WAVE_핀브_전환_구매ASC_자사몰_상시_매트_동영상_강력밀착_250910,https://www.facebook.com/ads/image/?d=AQK2SXS9MwbfOk1CLU22TPrwio9Ss9wi6M-usEPsG9y9MRRvxY6-UJYBdn3aZyVoNJHPOmH3S6ebY-polpQ-6-r6ae_1YKMZWjCQNFi5CLIkaAiabmLuqEYfz29BfSWmYIZZwSB7caNRHDjW40y6boZ7,https://fb.me/1Zqo0XkNeqshsle
WAVE_핀브_전환_구매ASC_자사몰_상시_매트_동영상_강력밀착_250910,https://www.facebook.com/ads/image/?d=AQK2SXS9MwbfOk1CLU22TPrwio9Ss9wi6M-usEPsG9y9MRRvxY6-UJYBdn3aZyVoNJHPOmH3S6ebY-polpQ-6-r6ae_1YKMZWjCQNFi5CLIkaAiabmLuqEYfz29BfSWmYIZZwSB7caNRHDjW40y6boZ7,https://fb.me/2sLVMAyZdpCCWNA
리타WAVE_핀브_트래픽_올영_올영세일_통합_동영상_드디어_251130,https://www.facebook.com/ads/image/?d=AQK2MEtKv9_9qAvAWJRYhn6dBnd9zlwkU1sTkOiEL89M0k_fGyd1oD4KpwydB-3RartI80h4b849xjsTxcuADUmKTwbgGx0mfhyzxZpu7ujSrvFvBFSYVYHK3SJaDWm1qcFekVCPeBSde4kAZbVvxrz6,https://fb.me/23MM0upOWIUv5b1
WAVE_핀브_트래픽_올영_사전광고_글로우_양예원_뷰티커뮤극찬_251126,https://www.facebook.com/ads/image/?d=AQK1uNOAwj_8HF_PLfVI41gzwq7r-GWKe8OTiyONTRHXhn80VgAd0cXREnQtlKdWi0QjqB0d5WlfifllUak0J6pPNfY28N7XAJnCCEz1uOBwWRornrvC1ZhA-HuEop067fvYl-0cu_oeOlrkg5TE5bGh,https://fb.me/2efqEi2lhtZVbZV
WAVE_핀브_트래픽_올영_사전광고_글로우_양예원_뷰티커뮤극찬_251128,https://www.facebook.com/ads/image/?d=AQK-pz_v1i9X-ZWYqdpdhA27D-_oiBBEHmVLy3DphQdz7JOeY9KLrASauwppJedEo9VRUFZGWn4BGqwRhksyDo__a0JGMS2uhYVn5YJ4WBjFZTsv9yKlx9HmsNZ-02Qhg7WyAZXbksgrNMM9EHuDeLvV,https://fb.me/1O1NlfhkdkZrtOe
리타WAVE_핀브_트래픽_올영_올영세일_글로우_동영상_양예원_뷰티커뮤극찬_251130,https://www.facebook.com/ads/image/?d=AQJZBc9vEYAQ-5NcbAFS6C-CLim3Z00IRGLMOSdkKgNmeSZYSwv5PnbNGYwMS5W9DHb9qZqjCb-9zdhDTEpQ9I94uQGCDDce5c3_3sqcTGSp7B60uqcxznbBKrHZqQGwyJubkk1aIjlDeLiHhJ9vuu_5,https://fb.me/2ptz0HL5ymcnWYi
상세WAVE_핀브_트래픽_올영_상시_글로우_동영상_포니ppl_수분광채_251224,https://www.facebook.com/ads/image/?d=AQJX2LfmQMdRXxx61YkGY063RJvwPSQh3fA-FXyxRchNlwn8EMLhkjXRXbQd2VmID8CG6nNtt93eaJjtlUewar7iLyWAtQwW8ppw3e78rShVjYsCeXpT1uew3fxDTtMRtqPz8z7JTpEiX53DkC328KM7,https://fb.me/2noDpq23VASuy8V
(라이브전)wave_구매_asc_de_글로우_동영상_하루종일_251014,https://www.facebook.com/ads/image/?d=AQJVx0apak4oh1eufmeINKFZx2lOq1A7R4wmekw12iWonOUAtKrlUEQYWRo_U0LIhkOvYL2VWsDpgeNPBw1AFqhFa5vk3yZgJe7x2quvx0uWFo7xNuIs1WAp7PyA1l9_cohZeYd-F9y8Kp3NfOQWzq4I,https://fb.me/2ddrLiLuNau0CLi
(라이브전)wave_구매_asc_br_글로우_동영상_하루종일_251014,https://www.facebook.com/ads/image/?d=AQJVx0apak4oh1eufmeINKFZx2lOq1A7R4wmekw12iWonOUAtKrlUEQYWRo_U0LIhkOvYL2VWsDpgeNPBw1AFqhFa5vk3yZgJe7x2quvx0uWFo7xNuIs1WAp7PyA1l9_cohZeYd-F9y8Kp3NfOQWzq4I,https://fb.me/2bq60cHyQzveTmB
wave_콘텐츠조회_br_글로우_동영상_내부소재1_251014,https://www.facebook.com/ads/image/?d=AQJVRZ8Y6gx_Q-hRshwMiJ1FFtMFp4vLDQHkckKVGd2oVujgwZ2zhzyh3RXRmI61mU2mPfMZ8Y9GHUyuMFqtYpbhEG5yhrSMn2V9-vo0X-jMbSCTDe6WAKWgE1ZuwCD1FW227Jb2NdBtuN0NAOlYYPaw,https://fb.me/2hH8gjiT710ROF0
WAVE_핀브_전환_체험판시작_자사몰_상시_글로우_동영상_내부소재1_251002,https://www.facebook.com/ads/image/?d=AQJVRZ8Y6gx_Q-hRshwMiJ1FFtMFp4vLDQHkckKVGd2oVujgwZ2zhzyh3RXRmI61mU2mPfMZ8Y9GHUyuMFqtYpbhEG5yhrSMn2V9-vo0X-jMbSCTDe6WAKWgE1ZuwCD1FW227Jb2NdBtuN0NAOlYYPaw,https://fb.me/2dXFObBTjR7Vzqr
WAVE_핀브_전환_구매ASC_자사몰_상시_매트_동영상_도자기최_250910,https://www.facebook.com/ads/image/?d=AQJvnpOy56uHE8zutxFMqCFIBy0ydKP_9t7XbQXaLvVQ22rjx7SlrhCIptnE3EtW4mX1jGyjUGkJsWykobuI9CInoQV5ESex_aQf5WggU5mh1Do-56fm8uBWV2HUKl8v1ZBic0PXtmO8Op0UVlsvBgKw,https://fb.me/25xRWy3xmnVQSW3
WAVE_핀브_트래픽_올영_사전광고_통합_안써본_251128,https://www.facebook.com/ads/image/?d=AQJvDRbE83M0q54B5-bSXWqkXl-jWGXsbkyQ36lA1wNwor-EhQtj8anpw4cyf50cdxP-SihinCpp69O02XSYOTTXsIhsX9Dje-J1N2hSxfgrtW0PNLwBYU-EfIeaHsd0_ImVBVdwDbPM-PaTDLMv4jId,https://fb.me/2d7okgEpkGMrVhq
WAVE_핀브_트래픽_올영_사전광고_통합_안써본_251126,https://www.facebook.com/ads/image/?d=AQJvDRbE83M0q54B5-bSXWqkXl-jWGXsbkyQ36lA1wNwor-EhQtj8anpw4cyf50cdxP-SihinCpp69O02XSYOTTXsIhsX9Dje-J1N2hSxfgrtW0PNLwBYU-EfIeaHsd0_ImVBVdwDbPM-PaTDLMv4jId,https://fb.me/2ns5JmXdlzj6pmp
WAVE_핀브_전환_장바구니_자사몰_상시_글로우_동영상_수분속잠금_250910,https://www.facebook.com/ads/image/?d=AQJV45JW4g1R8jjWewXbPM0FldqXkh7llQjgK56v1KGMBq4PQxckluaG0hfz-GzfbLKsfwv6MV8TavncJPz2NaoTgiGAQ9s_EOxbuhil576gDBPLimp1Bs7sM-AdbE1T6qaOshQA57vboDkifCqhwx27,https://fb.me/24O5unYXQFQYvuO
상세WAVE_핀브_트래픽_올영_상시_매트_동영상_실버코어_251207,https://www.facebook.com/ads/image/?d=AQJUJMBC4Klg-q8I9h6fV2ar5eRhSfCPuTZjYW_doFCVuIPdmGVvQQ5k89cecR4cmg57_5xEgyBZZvi5_LQwjD5a05NWh8l05SyVJq42omUli2tJ44jFH9RgRAsw1wyO5Jzl13Kh1C1rkdVLEVnSG1Hs,https://fb.me/22xZDAR0Y6ifRnS
유사WAVE_핀브_트래픽_올영_올영세일_통합_동영상_안써본_251130,https://www.facebook.com/ads/image/?d=AQJtwp5yBREHD1XwaQrCBxSrs61MV39xwh1IM4W2hgyo6APLj89MFT-UfNIwpGwSRoleE5GGfDqgx12C58Kel5DXU30LAK0NmY3kCmE077irmajkA3QkQnu6uA-IQU8A6yJ3D-BADU1KdA1WNiQO9l5J,https://fb.me/1PUtowIyPJtMOjP
상세WAVE_핀브_트래픽_올영_상시_통합_동영상_수정화장_251215,https://www.facebook.com/ads/image/?d=AQJT3WVtMXLVrDkTK15I97nUZKIGpmR2eWCQTyzaEuYqs3cf4PsN8RV8L8HQdhZLK3m3vEB8pN36mZUECYao0_3sffTmTTIeHVru_f1fhHp9hy-VikRyKh-G0aOeorA0vjK0DfKZBQZXQRsKKbiUSskI,https://fb.me/21Oyqj2W8bHfuoO
WAVE_핀브_트래픽_올영_사전광고_통합_드디어_251126,https://www.facebook.com/ads/image/?d=AQJrWxluvgefyWZYOZkaTrPycd_Mn9M7lSjqeM91xxWXJeibZk3kZLnZXSA3SgzjFCyBGFuxIiODo5-aiEaE5GpwSD1XUeBcBQ57UHFb_l3IlCvuVEi0vtEwj7E5vSwET0FIph_Uq_GER8Tt1XOpULcu,https://fb.me/20g2QN6tauPKWMW
(라이브전)WAVE_핀브_전환_체험판시작_자사몰_상시_매트_동영상_한번의터치_251002,https://www.facebook.com/ads/image/?d=AQJQtwqI_sJyNiYUMAQwwxu2v4Rk9oEcjSjTMbYhuSy-GwgjBS9OCN902dFGI8lQJDkcvp3yXG5mnLAhP2QpmwEOc8gFoPF2drHdNIvKMsaumIioRayoGPHIE8X7OpVofLicE2YcOdti5XIXHQitDRzt,https://fb.me/2m7PE79q7xFoH6x
WAVE_핀브_전환_구매상세_자사몰_상시_매트_동영상_한번의터치_251002,https://www.facebook.com/ads/image/?d=AQJQtwqI_sJyNiYUMAQwwxu2v4Rk9oEcjSjTMbYhuSy-GwgjBS9OCN902dFGI8lQJDkcvp3yXG5mnLAhP2QpmwEOc8gFoPF2drHdNIvKMsaumIioRayoGPHIE8X7OpVofLicE2YcOdti5XIXHQitDRzt,https://fb.me/25fcLuD91SZYVE8
wave_구매_asc_de_매트_동영상_무결점도자기_251017,https://www.facebook.com/ads/image/?d=AQJQnHaiMX-iwNcDQw-8LJuJKJwRqsL02roc_JG5MMJa3k1kh8wQnQZ6l1MriceQuScnGK6BTU1okBxnCAWIRlTIVLpIPfJ4nJq7IblguK6XkRkMjz_aWz5wyGB_CpyQjjqICb-n918Gc_RInaF3ldRF,https://fb.me/xPzGjt73pMB99W7
wave_구매_asc_br_매트_동영상_무결점도자기_251017,https://www.facebook.com/ads/image/?d=AQJQnHaiMX-iwNcDQw-8LJuJKJwRqsL02roc_JG5MMJa3k1kh8wQnQZ6l1MriceQuScnGK6BTU1okBxnCAWIRlTIVLpIPfJ4nJq7IblguK6XkRkMjz_aWz5wyGB_CpyQjjqICb-n918Gc_RInaF3ldRF,https://fb.me/22O4uRmXntoo8RE
상세WAVE_핀브_트래픽_올영_상시_매트_동영상_영롱한_251207,https://www.facebook.com/ads/image/?d=AQJqEqdTP558viaVjOi7wh9-TEVM_Ml17CSxtxfbBVp1xFwAOc6O-vMRhIQkL9HPQkSiq0AOURgMBJWJSRHlebRFPj5Whsvv5qpKTpL9-hKAHyKbLGFjO3reQZ3ORRRAPp3M6gSUqoXIKAIocSgg-5di,https://fb.me/1R6JhdfPrk9oEqG
WAVE_핀브_트래픽_올영_사전광고_글로우_지민_촉촉필터_251128,https://www.facebook.com/ads/image/?d=AQJPZu0IlcE5ADpNseInqOcyDxU1m1W-ZzZsQeCWVdV4S4ncErVliKkdyLWtS-YAwz_3R5MhhpZxvIh_YmeXUdTuuRN1X12zSSQtBgBg-7LKMXkS6xNbE8Opc-KfUM9Sx0AqvO28-kEb_ABT1Y88w8pw,https://fb.me/1RQDufzbx9RjG0b
WAVE_핀브_전환_구매상세_자사몰_상시_글로우_동영상_숨쉬는_세로_250929,https://www.facebook.com/ads/image/?d=AQJMyA-VL2_87K8bl9fRNGeCN2N3n_8axaLfct-xjfApKnYl-1MZOTBVdGHI4tOh_iy-KZjQL6zpLT4sbmPwvhKNByIysMfsf9jsvk-ZEcOtgAT-qbgb4wNXpK-VcNM0N13hkoXC_GDPljWvdMw0jLhq,https://fb.me/1QNnA3si7dmFgho
상세WAVE_핀브_트래픽_올영_상시_매트_동영상_완벽혜자_251207,https://www.facebook.com/ads/image/?d=AQJL9AM4PyczPGVI1anHmYVzzuqQ9RnBUs0iD0u3aU5ebrTcQ-8yPcnsaFc-OoqkPAiL9APYy70U-dQoQgppgmbGxCE1A5QuFzn7UcGP6lssLiQe-BCwmJqRS356m_6VvbeYOKKVqHv7l_UMJylK6wQl,https://fb.me/2m4Hcu29DTuw7VP
WAVE_핀브_트래픽_올영_사전광고_매트_손예원_뷰튜버원픽_251126,https://www.facebook.com/ads/image/?d=AQJkIFfv1L7d_P8ayUevVwjxBZ9ybSx3z4wOPmaQ4r_L_fmKMDxiPphdnynBS6fvb_6viYRtf7mPKHN2dciKJxi4PqldY3D5t0LswFFsjWfn9cCUYvatSxoN6XGSLuUGwieiRX73jn3unt7p2IiIeBeF,https://fb.me/2ey9YG9Dw3kDiIg
wave_구매_asc_de_글로우_동영상_지민_수분코팅_251029,https://www.facebook.com/ads/image/?d=AQJKE8r7oxJDU8u4egy_RcRl9U1rK9rRlbEGwzMH4Us-Z0T_HGJsTyAC2jOQM136HOPO23fBsaQ4VzcQ3Uqn7e19L4LuVfVb_TXGk9TTMkPhfQ4CUfHNUZxBP0x412SvCUCrZReXuT53U6goCv9U5b0W,https://fb.me/2sWK6uCMRhbhmrw
상세WAVE_핀브_트래픽_올영_상시_매트_고효율_동영상_완벽지속_251230,https://www.facebook.com/ads/image/?d=AQJkaen8gl8C261754qJTCU00Mv1wsNGs2eLNCeX4BESkSDe3SWWvRRRXpsnFkIIvBDKs-potG-wa0Tuo0uOnBRxHL9WL7N9B_1bUqRAJbEClV-RM52JYP98pHN3g6PvnGzrjywDdWNGUQOD-3jIR7r0,https://fb.me/1Qp866KyOy8g6Nn
상세WAVE_핀브_트래픽_올영_상시_매트_동영상_완벽지속_251207,https://www.facebook.com/ads/image/?d=AQJkaen8gl8C261754qJTCU00Mv1wsNGs2eLNCeX4BESkSDe3SWWvRRRXpsnFkIIvBDKs-potG-wa0Tuo0uOnBRxHL9WL7N9B_1bUqRAJbEClV-RM52JYP98pHN3g6PvnGzrjywDdWNGUQOD-3jIR7r0,https://fb.me/27JlHzyAzYZacmI
상세WAVE_핀브_트래픽_올영_상시_통합_동영상_효진_보정_251219,https://www.facebook.com/ads/image/?d=AQJipH0BMJUofcAEFc0TcnUlM9D7cP0GA3pVgdBAaOG3rsAb1QcnX0_1_YYIs7KR6kuxxvWLvshKItswquA1EsBTskXYeC4HvtVO0T-jSkwHJODtWB6FnXx2c4Tej44pB2w1E26qj3xsfV4A0IJeDZIa,https://fb.me/26L9msUIZrWve6s
WAVE_핀브_전환_구매ASC_자사몰_상시_매트_동영상_12시간커버_250918,https://www.facebook.com/ads/image/?d=AQJIn6htV-A3nKPUHEZPnqdciMGt3u4pAngyLVC75jIaPfQn4S3oiEKb7lRFfVsET2rbCFLW3XEXP3KI1fLhnCUytZ-5Sm3fG1R9aFLqQdcbRy-3QCJ5Y00J1aXshWYXQuELTZFP4UjXxp1kxJ2VRzcY,https://fb.me/qMnvCuLUeR7ul5d
wave_구매_asc_br_매트_동영상_김서연_도자기쿠션_251030,https://www.facebook.com/ads/image/?d=AQJG9yqI6_Y_sgPmdNivqiwFHo6TEyo7F_XHNkNq4ssbVfprYBYXref5hQk7OaEp-v6L7Xq5IMZ7PzUEyPnmDZNipSOYCceuHW-DNXbqw60p2i7uEVhRXHlgXMMbifUUnoXp5I_3cL95CJKXTj27_GX-,https://fb.me/23HZur7es1YiPKi
wave_구매_asc_de_글로우_동영상_양예원_하나로끝_251030,https://www.facebook.com/ads/image/?d=AQJFVUR7hCSCHG2gUkrUl6LCQG701d1D1ga2knlgeyWKkY_MGCwGBdwMRNl80o3g0034DUQIyxyuCgz6uwq8YsEB2RgG4WlnGYiXbjWEgYmkDdXQXX0gCyQeKv99m8yjhiIfknkYRA_fcRsFyF_LHQ7W,https://fb.me/2eDg9cFmPAtUIzZ
wave_구매_asc_br_매트_동영상_민경_베이스필수템_251029,https://www.facebook.com/ads/image/?d=AQJfK8yEjMEPqraJggbfDKIEDFWVNuaD5CBxxUoFbE2DrMthe8pcEU-2goTJ4QCbmqoNWCpUaAkFrw5OdaIqBuN1UV8pVTkIiJiNyiYKXklVN9_wDK2cPplPn6nlEa6uNfbl3hqJ3jbxFx0nxDXrfVkB,https://fb.me/27mHnG8RMAUleFY
WAVE_핀브_트래픽_올영_사전광고_글로우_양예원_SNS입소문난_251126,https://www.facebook.com/ads/image/?d=AQJfjYzBbiyxo8wXIc-Wdz5xyrlSJvBjJaoof0fI9lPyXa1_7vKAvzv2_wkPFOM5dlkF05eUcntc8I5Xc2bAXmOAXYfuu-eUq4VQkfNa-DsfgS1IQ94v9GQi7iv2mcQqUYhE6x30FovLk98M3nnuAvAl,https://fb.me/260chZWslkhmpxz
상세WAVE_핀브_트래픽_올영_상시_글로우_동영상_수분광_251207,https://www.facebook.com/ads/image/?d=AQJFbYCkvsaFJ08FyctQ1QA1SXlzuZX8GAslAociTY5meR53eHtjEiqULNRxU_3Tfw2Y94vYxwaLPfboo6lKKGHraNXK7oKr5IsKAF3_zuS9MWSwp9K9QH4lgoLztzVPMys-7cLDe5PSnbdR4hOjbgc4,https://fb.me/1Rzj3x6TNcQ9gWf
WAVE_핀브_트래픽_올영_사전광고_통합_노검색_251128,https://www.facebook.com/ads/image/?d=AQJf5ySW6xwtp5N8LWmeRBCvcqIlNqlCDK54w6CbX2vhk0_vUPdJ2tB-tjRk4oXLQeL30F24Lmspoq9lpRoYDqQHfqTSh5d7HtxFh7GKZ_IQQm6CUJHaSH7qv-o8pG4uC36lrWitN16XZSM_AOY-WmyP,https://fb.me/22YvgiqPCNmz9P0
상세WAVE_핀브_트래픽_올영_올영세일_매트_동영상_손예원_뷰튜버원픽_251130,https://www.facebook.com/ads/image/?d=AQJDxaN8EiR6s92fGf0OUhDhBl5CmJOvDXqviy8n243-F2rBfEn0szNCpI_MdcziuSJhkKkr6anMiYZ-BPY5vXs8sHW1DFEeer4Du8mT703a2cXIyFMQsKeNchO1oDExiWFZwxtb5r6gBZD4ByBktvo7,https://fb.me/23erlgEWWYZXvGp
상세WAVE_핀브_트래픽_올영_상시_글로우_동영상_지민_피부필터씌운듯_251207,https://www.facebook.com/ads/image/?d=AQJDfRr126GsIlcP4xn0JPVa92KGb3eO0JyjYk_kjKAgrZpLqtDzIycr_rCk8pkEpBCTRAd-VHeXdj1HXY0mrK8Lr2jfVmMZKbkhQf9GTKXZE2jAJQcm-LzkZJGfEW0pTbyDH3s7P-x6gnnsHuVNpGdq,https://fb.me/28q050F4uEVnOu3
상세WAVE_핀브_트래픽_올영_상시_매트_동영상_기은세ppl_쉬워지는_251231,https://www.facebook.com/ads/image/?d=AQJd9_MyslPh1QlPAzZjnE2rgxBqo5F2hJquYNPlhYoWUtR2hoGDxwWx4R_3y1nmSbVtTSo3e9HFdnAxEQbCDv0OWc7G7OFaGU4P54-JX9Fy8y25wCRt5kuqbStkJHtvLJZ13jOZBiqqGL0zMZaPNqzP,https://fb.me/26N0pnUnh6yGkK5
상세WAVE_핀브_트래픽_올영_상시_통합_동영상_예쁘_251226,https://www.facebook.com/ads/image/?d=AQJD1eD8UOvedqiP9ONiVytJQ7HgY071-M7nIjnyUlCK7pj5QEKW6tpOvPBlxe2QEiqQgLtNZsnPsigxUfnDtK_yeM1QBW6Bqh7OtK9rk8KCidMnzu8g_n46cA5Rm50noAF5FFZWALkKxXvfn3rzdiRY,https://fb.me/1RavjgA6lGvMFrI
WAVE_핀브_트래픽_올영_사전광고_매트_손예원_뷰튜버원픽_251128,https://www.facebook.com/ads/image/?d=AQJD1CtDLH23bf_Y5KvJmEc3q_uDSx3HNGhuYNnTw4iDJhIXtg4Bk8fUobHIZ_GvmRKB5FjAYG-_38m_3jEFrZFj4kwEJiGpS_fcAnuYTLxCMg86cTh9XIEku42u9xmkb3D6Z7wDE9gukiKjYVkpyyUg,https://fb.me/274wi0DUT1RIt7n
상세WAVE_핀브_트래픽_올영_상시_매트_동영상_입소문하나로_251207,https://www.facebook.com/ads/image/?d=AQJC8uqGaFY0xPGTvM5OpL3hfIMtV6k3O7d_NBUTz2sZI1dOxCdhyLgXmLUFIzQ-lx_Vj3f7r6vlLZ-sTaCLv-egRUaOrhIZuZktb_GDO3JFQ7m0b7yl2ZJ08UoRjS_43dz3hc_d3DZmMUnpaLQ-d6C_,https://fb.me/1YmuVqRyo9Aa4iU
wave_구매_asc_br_글로우_동영상_지민_수분쿠션_251029,https://www.facebook.com/ads/image/?d=AQJaXty0I7IS9VM0aWtfdR1xj3P5nfDicexZq11ItRPQTTbyNFxCjmz0StHMDkwmWP-wrr-LYn1iZrdmNBiEFCipYIlpVLHDBCN1hbGKFLDDE9GKdLizCNzTw9BTdRtZivLEPzq-VRmczK2n6Woa6hDV,https://fb.me/xIUkq7g5JQb9kA2
wave_구매_asc_de_글로우_동영상_지민_수분쿠션_251029,https://www.facebook.com/ads/image/?d=AQJaXty0I7IS9VM0aWtfdR1xj3P5nfDicexZq11ItRPQTTbyNFxCjmz0StHMDkwmWP-wrr-LYn1iZrdmNBiEFCipYIlpVLHDBCN1hbGKFLDDE9GKdLizCNzTw9BTdRtZivLEPzq-VRmczK2n6Woa6hDV,https://fb.me/35fEgmLOarJO1JQ
WAVE_핀브_전환_구매상세_자사몰_상시_매트_동영상_도자기유_250910,https://www.facebook.com/ads/image/?d=AQJAJdLQbV7JTc8UtsjFrQ-Ce_yNN8zeettkeHvdLWrg2IyvnigID-3RZslOTrrmJTAR-oMORQ4fjKCQcHL5eu7Icq0LCQ9R8ZJWDNNvnBE8QLTaDlWz__yhU1gnP4cj0KEHzVjc_wIHVBFuu7FO3as4,https://fb.me/2idhqtjl41pHubx
WAVE_핀브_전환_구매상세_자사몰_상시_글로우_동영상_수분속잠금_250910,https://www.facebook.com/ads/image/?d=AQJ_D0hoPHw3Wj2WjXHxflSAtDelkxajY087tuuDo0fOQ8OJdlCN8gb-J2s4zUblxju_ia3LcM_r9bxf2IvnQx7aWNUtU_hIzDOeXsHXKIKIT8lLs3ihQj09jQZLjsNNoZe8MZHm-UbxU_016JPe231u,https://fb.me/1YE3MZCxnjiJOFI
WAVE_핀브_전환_구매상세_자사몰_상시_매트_동영상_12시간커버_250918,https://www.facebook.com/ads/image/?d=AQJ7YbnxZDksQCUE22lagM1QyZtPkmyd97qNWACY083DXTzBkxA65P58z71WcGSOF-HJJzukcE4FDH4yIuQs5wpTG2HIjVTw87Ub1ymLmTQdW3hhUVkr1Qzv9vBEDsqjplsfekXZ3yzw99lSQzXnfom9,https://fb.me/22ctUf8YBXgImdr
WAVE_핀브_트래픽_올영_사전광고_매트_2만원대_251128,https://www.facebook.com/ads/image/?d=AQJ6xnfDtyhPDnm7Ttkdk-uQJk4HYjiK1OTa6mZyDtNWGoT2A4HCQxJJYjNyr7r9IDtMEnhazfQZPElE3-9ZRt4bcz0Y7AhiqkxDYsGlfftv5Sep_dSqDJvr797AewtZioIO09Uf4jhwIHA_pT4pOO_Q,https://fb.me/1Yc8Hy2TEuoHShr
리타WAVE_핀브_트래픽_올영_올영세일_글로우_동영상_양예원_SNS입소문난_251130,https://www.facebook.com/ads/image/?d=AQJ5m6EOOuVz_KgDVAxIO3zL8IHH8jygMtg4XOxyBB2YoLUjcLKp1XifRgBXsgU-WGWh9oYG12if1GfcadSbwKuAQHM6Fc4n1QT6e91rvCwmOcdj_ufMsxdQvlqf3fV8SGIOVFd0Vcw_22JYymbTv45f,https://fb.me/22Lu8BdBpceguSj
리타WAVE_핀브_트래픽_올영_올영세일_통합_동영상_다주는데_251130,https://www.facebook.com/ads/image/?d=AQJ5_22R3K3p44DaEOrg71IxIPbxVYq3SyITNWf0Fv8LGwBMi8yORfsIH_DvE4v4UcaT-PhOFHaILNAGxV79RwntdagTk3nGjsur0YgjZsDkWsTELIQxbNd__VFGqUbqNKINUDPn-vRV4eqVT4qLvsHs,https://fb.me/1XBGyRbhdBncZkg
리타WAVE_핀브_트래픽_올영_올영세일_매트_동영상_2만원대_251130,https://www.facebook.com/ads/image/?d=AQJ4B8fjiXj4BaWX3f1UlNCOOp_0DhiZxx7cs4yLn1w89W0EN2jxYxE8tCcXdLYzyPsOOaR-ASYSbTUVJo6tzy5qqLcLYdlNcSZPEogx_ejjMkl-r5ubgW_RcEe_IyCw2uKunLQMqScLVDsp_usTFK3C,https://fb.me/1YGpAzJzPWDMGvD
상세WAVE_핀브_트래픽_올영_올영세일_매트_동영상_2만원대_251130,https://www.facebook.com/ads/image/?d=AQJ4B8fjiXj4BaWX3f1UlNCOOp_0DhiZxx7cs4yLn1w89W0EN2jxYxE8tCcXdLYzyPsOOaR-ASYSbTUVJo6tzy5qqLcLYdlNcSZPEogx_ejjMkl-r5ubgW_RcEe_IyCw2uKunLQMqScLVDsp_usTFK3C,https://fb.me/1R2H6Apn4dcaaYA
유사WAVE_핀브_트래픽_올영_올영세일_매트_동영상_2만원대_251130,https://www.facebook.com/ads/image/?d=AQJ4B8fjiXj4BaWX3f1UlNCOOp_0DhiZxx7cs4yLn1w89W0EN2jxYxE8tCcXdLYzyPsOOaR-ASYSbTUVJo6tzy5qqLcLYdlNcSZPEogx_ejjMkl-r5ubgW_RcEe_IyCw2uKunLQMqScLVDsp_usTFK3C,https://fb.me/2mk20OnjQstIoXJ
상세WAVE_핀브_트래픽_올영_올영세일_글로우_동영상_속부터_251130,https://www.facebook.com/ads/image/?d=AQJ45ovp4YEhP-SbexMreXzknfXpNxQBQPqfJ5XgBzFATyaC2fuhZq9_LL468V3Y-XT4ziweHEi_y0Bh3MPDw8DG-dq5rmzbMcONQtYniWIlN6jz8th-ZH9SipfjUD2ExzIvFbbd77c2y2tR13-JzkM_,https://fb.me/1PeSVrstx2WYFrL
wave_구매_asc_br_글로우_동영상_내부소재1_251125,https://www.facebook.com/ads/image/?d=AQJ3Pv8C1CeE6w1dI1854Tp9fT6tl7M9SOLtvAJiqIWyIeuQnh4uE_F4KCMfV7BqYeQXRggKxQoDiyeBBdqsVmG5VlpYMwZ4YEjmSZJx1KazC0qTj8urqxPFV7Xf7r7aG6IyLVt-yh6YzeN08B2YdqkP,https://fb.me/239HqdNW2NDQHMB
상세WAVE_핀브_트래픽_올영_올영세일_통합_동영상_올리브영입점_251130,https://www.facebook.com/ads/image/?d=AQJ3gxtnm_l0fI4hjEEA37d2l29-1IpeIfz6XP68zIrNhEbIoybXsFU_Qw3F-i_vB7V-p8DBVN5QXmZpuml2mc9_suYySoMvT2iO77Pcl8ptdP1kThjyLiVb2zUrWJZ8OcHSHufgTeyoptey5wOvqI18,https://fb.me/1R5xWiEMSCpZlZp
상세WAVE_핀브_트래픽_올영_올영세일_글로우_동영상_양예원_SNS입소문난_251130,https://www.facebook.com/ads/image/?d=AQJ0Qf3EwVb4PB3dHsq5z860IybsQreZg7EHH0sTCtFfLklJq0IxJJWtYRVSHN0XCQ6VCLfwW7WE7cT20qB-WRvf_ubHe76wA_dBZzf3-TBeDWNGDgXDFN0HRiRDW0c_eVSJNhOs_Jb0m6TAPuVSYkMM,https://fb.me/28WMD4IHwajuSEC
상세WAVE_핀브_트래픽_올영_상시_매트_동영상_세미매트_251207,https://www.facebook.com/ads/image/?d=AQIxSApjQUzS96KCelVjmQLrZN8ocNDz_C9s2jR5_LQcr6okh9PpwALBtSevsDuuXIsgg6MSHcfjf5amMkMQh5DYtUu4IlZoHUFGBOly3DnZ35ojPNEVziyNAIvEJr88p_F6V4FLQ0BOGiEjj0pXsU0Z,https://fb.me/xVBbCwqb4vNWVSq
WAVE_핀브_트래픽_올영_사전광고_통합_노검색_251126,https://www.facebook.com/ads/image/?d=AQIxoFfBXazTNOy2urRPPkQ_ErfOwU2qD-oOCHl_HhqJCGShVGPBP4QoVYBokbPzWB_b0xLVs9iQaP7CSqvJPLwk39p2l-epd-1UPiW9-idfEragTrNNzMjwq4tX-4iTl3DDTKR10vrO8WFgwNhrb4vT,https://fb.me/2imyS880HWZscfj
유사WAVE_핀브_트래픽_올영_올영세일_매트_동영상_민경_매끈블러_251130,https://www.facebook.com/ads/image/?d=AQIxin8yHA6dU8htbbLLudnYShb5snvT7uz4cF-ib6PE5N9a83LNOO7HtYGqO4QbTPeIJ8eflVlONRC1QZbiFlKd8qhjCm9X2oTFDuWrn1F25maO7g34IDSqcc90VJ0jh9--PctDcqooRcwYQTPWy3T8,https://fb.me/26IzK7Qb1NpvzxN
상세WAVE_핀브_트래픽_올영_올영세일_매트_동영상_민경_매끈블러_251130,https://www.facebook.com/ads/image/?d=AQIxin8yHA6dU8htbbLLudnYShb5snvT7uz4cF-ib6PE5N9a83LNOO7HtYGqO4QbTPeIJ8eflVlONRC1QZbiFlKd8qhjCm9X2oTFDuWrn1F25maO7g34IDSqcc90VJ0jh9--PctDcqooRcwYQTPWy3T8,https://fb.me/1W5PwAySveqRg5m
리타WAVE_핀브_트래픽_올영_올영세일_매트_동영상_민경_매끈블러_251130,https://www.facebook.com/ads/image/?d=AQIxin8yHA6dU8htbbLLudnYShb5snvT7uz4cF-ib6PE5N9a83LNOO7HtYGqO4QbTPeIJ8eflVlONRC1QZbiFlKd8qhjCm9X2oTFDuWrn1F25maO7g34IDSqcc90VJ0jh9--PctDcqooRcwYQTPWy3T8,https://fb.me/1ZBDacacD6S8wQa
리타WAVE_핀브_트래픽_올영_올영세일_글로우_동영상_지민_촉촉필터_251130,https://www.facebook.com/ads/image/?d=AQIWIYU2I0xWLPXXQWBWRLDWOHhkgt3qxbxlC9XEcXPVaDbYr2z09axDsUmSqoiU47m5t9XP_N5HM4JorpcsLMr4Aq9QdPfyAKApWBnEXsyfnOH2W-I-uL0BWP1OXkDPqO1BwJMr5ih4Aq-mhB1bhgzG,https://fb.me/23nykE9BEp7kUbp
wave_구매_asc_de_매트_동영상_민경_베이스필수템_251029,https://www.facebook.com/ads/image/?d=AQIwipdlH0ppf02gpZFoeGlDWI3atjiRzpvDoAzLVNeigwU5QyTOAoAjmBpTXdI7yTzFUlyiScUDxCOU3Iqw0nm0vqvNixQN41OWVhONfHQKbj6qUvMpoeHLUISskY0Hsg833Bili5i2QP_GMmbYLEQ0,https://fb.me/2cG1cBgfQSoZQUA
유사WAVE_핀브_트래픽_올영_올영세일_글로우_동영상_양예원_뷰티커뮤극찬_251130,https://www.facebook.com/ads/image/?d=AQIWckG-YndkkVtxFMtjcIfjlhL7bjWZgpSTshD1lmlpLwabhZqR5Yfy1U7p15BJFDIpALp_bKSu5baF0ip78mVbkidjmWl-Xb9IgEc_0p7KuRx4PTmFEtd0DAXmLrNb3DeWoOkQpzDgBnB1lAoYcd3T,https://fb.me/2f0YL5BgWYh876G
리타WAVE_핀브_트래픽_올영_올영세일_통합_동영상_노검색_251130,https://www.facebook.com/ads/image/?d=AQIVuxXoXqeH2sBB5wWrCsPsi5YjT_IM0URh9Nu5AXWZ-UNrXkTRqpSii52COq4Mwp9CvlanB0thlQXQ7ufrsLPy7XXlnMy47BCAaLSEeKiiOvI1YVCd45YbOmcsUQv6w6cbj-wat9Of8EThfcTlCqPe,https://fb.me/xWVpKZwzRmwOfkB
WAVE_핀브_전환_체험판시작_자사몰_상시_매트_동영상_도자기최_251028,https://www.facebook.com/ads/image/?d=AQIVAPhM22C_wLOgEWZQ56vMYzUAW7wyjCW1nGPLDINNWAew-RvQrDF8j4SbKyFDQF4VVb3RYV4M_wQ148sfUwNXIjFtmi6LUHvCadnuUeBwdBp6ug5En3oA7IPA2ZjFlwK1AGjF-_G8Gku2WNQ-Vu3Y,https://fb.me/1RyZFdx5vAKO5Kr
WAVE_핀브_전환_콘텐츠조회_자사몰_상시_매트_동영상_도자기최_250910,https://www.facebook.com/ads/image/?d=AQIT37vcN_09sOILw46LbVVRb_Upz857rpkxOxuxseuOI-voxRBV9OAEOUfOtP_REQa9EnomsK5b-vINRpFcGlzkWzICeyNZ5FUIk-bJbNS6hLThXD0QqxT1kgpnZpu4LB-qTX8B4s5lYg9LFzjF97e6,https://fb.me/22y6uYNfC8XaAot
상세WAVE_핀브_트래픽_올영_올영세일_글로우_동영상_양예원_뷰티커뮤극찬_251130,https://www.facebook.com/ads/image/?d=AQISFcuFQDzaZSPAXEJKliS0QK5Y69bGgaaZV4vivauNEVO44xikTKx9_S0eVKwxR-dqRSgfe9-yHGl9khbiwbwzqqozwbX7zYbD3qbus4J2a89Xf2o7l0SbcVlEXVPdPJN-jpC9rnRrNd2icoFz6OWi,https://fb.me/1Y7Y94p6Wg2yOhO
상세WAVE_핀브_트래픽_올영_상시_글로우_동영상_포니ppl_포니픽_251224,https://www.facebook.com/ads/image/?d=AQIRcJlKYRVT5RDFLzoam9-LyIwsE2wAsiIlo4wJQJp5xVp142d6aOrJc2uztY6LNdFcScwME7u4gpxRB6OtoY4pnw2z5XRzCU9vhqBegByYvTBzjgF-pyUWTGXOIFJFyI9IXMO-up5orQVgoSMXDX5W,https://fb.me/1Rj7D9k9Rk3MjJf
상세WAVE_핀브_트래픽_올영_상시_글로우_동영상_포니ppl_입체적인_251224,https://www.facebook.com/ads/image/?d=AQIQGBEdSZeUc58wV_0DY4uoFHi1eYKvuafLpXAnvKnFD8LkVtXi7bApNHbXiBE50rv74DHxYgmQmqEgpswS6EiGWkBxU2K-dXjrt6WF-IxsHwdgKrmTKPQm-rMMR_7cSmQ8w8RTBbhDwmLUrv8w27_i,https://fb.me/2pOvNrVyICXmjJc
리타WAVE_핀브_트래픽_올영_올영세일_글로우_동영상_드디어_251130,https://www.facebook.com/ads/image/?d=AQIOE-LgtM28nu07jCel2nUqMc6tZNTKnEZ8upjNejPqF-_Z2oODsM9n3I6UBSyjRN5hfW4Q3En5AX9XmNu7lbJzKw9Xuh2xL-Fl6BPUetYJJixItXfJeXxF8ifL3OkxH2eouMgryuSs6OnpNab3cssf,https://fb.me/1XwC6kvoZGgkj0S
유사WAVE_핀브_트래픽_올영_올영세일_글로우_동영상_드디어_251130,https://www.facebook.com/ads/image/?d=AQIOE-LgtM28nu07jCel2nUqMc6tZNTKnEZ8upjNejPqF-_Z2oODsM9n3I6UBSyjRN5hfW4Q3En5AX9XmNu7lbJzKw9Xuh2xL-Fl6BPUetYJJixItXfJeXxF8ifL3OkxH2eouMgryuSs6OnpNab3cssf,https://fb.me/2X90TcZ0ahBRzLl
WAVE_핀브_전환_구매ASC_자사몰_상시_글로우_동영상_하루종일_250910,https://www.facebook.com/ads/image/?d=AQINQR1TtB_cReMtNapDvtL9aOQLcXY42mAWmlMdZT9ReMq_F_FObGle4P7IVRE0yGbMQscG3qdkCYbpBSfVNdbk8kYinxlKqltsYIMg7Azd2uMd9aeXPiS4j5NUahwDpPsnHtfCAKStZCDH9J5VG7x6,https://fb.me/1PSP9ncKdT0R9m5
wave_구매_asc_de_매트_동영상_민경_도자기피부_251029,https://www.facebook.com/ads/image/?d=AQINMiZdy38svQq32E1FTE_eIZORdyJlRRE7_YDOnD_5w3IXMvGBQ-7h4XJbU7RmDpJ-EXSxX6Hq37aWVyfLGev29HeQTCXVptk9TtUbCsLiYNZ8gSilB-5dTMBfNb89VtP4ylqxsx17lWYCH_O18Hp3,https://fb.me/2oqFP7AiE3O8JZm
wave_콘텐츠조회_br_글로우_동영상_하루종일_251014,https://www.facebook.com/ads/image/?d=AQIN_DbOFHE5EAPqOqkcthed-1x96pfQaf8sdlqC_AQblDrN2SjH8DtAYjy5g8ban-aNG1FWEfDdxG2BV47nIjUKj9PbTjxyPxa4nIco4_WC5o0IyZrYo5S3nyBVAZr96mgXRFvBcaD0PFQJlBzXvIk5,https://fb.me/1POZz3nBUFJ4BNq
리타WAVE_핀브_트래픽_올영_올영세일_통합_동영상_정보_251130,https://www.facebook.com/ads/image/?d=AQImr5GK2-AayLZFw9mijiXvqf6ssOrqNM82Cq8idP3lDd13pa2iKa5s3ZW_yxiJccu5SQGpGAoZZnLOv_b6exh4keXwgKw4-gAuxilnJVjE0QUBIZg7fJluwWWNJnc78kxK69ymEBFlkafCGfuVZTFt,https://fb.me/xMSFPp7CoPkGhUX
유사WAVE_핀브_트래픽_올영_올영세일_통합_동영상_정보_251130,https://www.facebook.com/ads/image/?d=AQImr5GK2-AayLZFw9mijiXvqf6ssOrqNM82Cq8idP3lDd13pa2iKa5s3ZW_yxiJccu5SQGpGAoZZnLOv_b6exh4keXwgKw4-gAuxilnJVjE0QUBIZg7fJluwWWNJnc78kxK69ymEBFlkafCGfuVZTFt,https://fb.me/1YOJdjX7N8H4QOV
wave_구매_asc_br_매트_동영상_민경_고민_251029,https://www.facebook.com/ads/image/?d=AQIKKHVlknUBKKAPdK4cEfo3XqJZ7_0LiNuziZx1Jo6dsH3-9NcAI3Bc5urlTIMFzagsomqA83YyER73HjYYE7peDKqPUAWMdO-9ppsGL8rJTBOFyrfNWXegq9m7-HDOZ6irHl3ZpmfNqCeD9aCiAfMZ,https://fb.me/xSQcZkOTWxlmRoT
WAVE_핀브_전환_체험판시작_자사몰_상시_매트_동영상_민경_실키_251029,https://www.facebook.com/ads/image/?d=AQIjsrIkf6juUZE4bCusuBQw3q-twEZXlYo8h38JYEdTyHwJyfCaAboEu-ga0bvvW7XTPVSJNPwF5vF4JoapjbvmNZwV3rX2_3N-PyKGYCDPBAnzXRk_VXnRCo80XccEqiX4Hsh1wbOKTPzaNA39LgdO,https://fb.me/2dU5WbBznnKAnyV
wave_콘텐츠조회_br_매트_동영상_민경_실키_251029,https://www.facebook.com/ads/image/?d=AQIjsrIkf6juUZE4bCusuBQw3q-twEZXlYo8h38JYEdTyHwJyfCaAboEu-ga0bvvW7XTPVSJNPwF5vF4JoapjbvmNZwV3rX2_3N-PyKGYCDPBAnzXRk_VXnRCo80XccEqiX4Hsh1wbOKTPzaNA39LgdO,https://fb.me/1SjLa0Z2SN2WkIx
WAVE_핀브_전환_체험판시작_자사몰_상시_매트_동영상_민경_고민_251029,https://www.facebook.com/ads/image/?d=AQIihJSSWsprhdIagbLjNgSCKmDnOZ6VRMB_h5BJ_2lycIc1dnGaTa8x342dobEwEXZzZH-Cc7E6w0WBU1NPHUaYCuKWbpekJVquKZnXVdsqVQ4vqtfXUbl5yiRtM-dgJHfXvdnyYNQsa8-IzjJD4xkj,https://fb.me/2VQI2jrhvFd9VIq
wave_콘텐츠조회_br_매트_동영상_민경_고민_251029,https://www.facebook.com/ads/image/?d=AQIihJSSWsprhdIagbLjNgSCKmDnOZ6VRMB_h5BJ_2lycIc1dnGaTa8x342dobEwEXZzZH-Cc7E6w0WBU1NPHUaYCuKWbpekJVquKZnXVdsqVQ4vqtfXUbl5yiRtM-dgJHfXvdnyYNQsa8-IzjJD4xkj,https://fb.me/1Xyt5Vih0OZvZS6
상세WAVE_핀브_트래픽_올영_올영세일_글로우_동영상_지민_촉촉필터_251130,https://www.facebook.com/ads/image/?d=AQII-6tAyY5e6wyyKtlI0E5w1A9OubfxOVRSLQfpvCljZiKM6bGuCCNtuks4fU2DqTd7O380J9y9XOf_5INGzvLzsvNFklFLQx83NHMcPIQ9RXLvRmi9H-_LO3orxcu7YO4jqS74reHeZNP8nLPDjMn8,https://fb.me/1SbfV80vDfdA1Pb
wave_구매_asc_de_글로우_동영상_지민_투명광채_251030,https://www.facebook.com/ads/image/?d=AQIhthW96uGTbUAS_WlVnHRPWuOdE4INiezysVjjekbz-zBoPMK-Uj7jU-VWk9z2RUsvs0wLPYPau-ngcIYEfgL1v4CSQrH0uaFR9N0pkpyMcFeWUvLp86DDnj55XswoX9g_ursXyFvpHTDtvnq1eu5k,https://fb.me/1YI8GbFlIVgOqaC
상세WAVE_핀브_트래픽_올영_상시_글로우_동영상_겨울쿠션_251216,https://www.facebook.com/ads/image/?d=AQIHg-1yGWq7qhFLKrrYTr2rCG2XH3TVdHd12joTVJgPb233g_cN1Roj5Qk6IPT33cluRoPZxJahvXAoM7lbIsgCdEJvel0M2M5H4uIcHOjx_eLD_EaC0oYBgUjDxZN6KeAtKeR-VcuTEaC7MTcv5-O2,https://fb.me/22nLlPoOi4Xmn9M
wave_구매_asc_de_글로우_동영상_지민_여배우광채_251030,https://www.facebook.com/ads/image/?d=AQIfTku0zwY-ObYPgAcCtVJ4ZJ6pFLnAL8XXqaqLO_i7WTNQFTmUwtLkIg8naweNYVNa5FjagpcpW_t0RydRwH2A9EiqA6PyewuQkE0BmqgS_rLUZrFvsVJcURmVxJpBrAX4f5Enx2EqShtx7zyLGH-p,https://fb.me/AzUMuI9rfSiGu0h
상세WAVE_핀브_트래픽_올영_상시_매트_동영상_기은세ppl_도자기피부_251226,https://www.facebook.com/ads/image/?d=AQIFj1esEsNqUWOfWiMwu3GOjhek6G9YUpFxKRAJcRXRpbt5HCDSEu9Y3db6PdoyJZQT6y9bptAJznl4XowIF3mg--HHy4BDksS3EWdA0xT_WEX94mX7Uks7SDTXswrOROronXT_QL7XLs7Rp7Vxb29c,https://fb.me/2o331k3OZJO84I1
WAVE_핀브_전환_체험판시작_자사몰_상시_매트_동영상_민경_베이스필수템_251029,https://www.facebook.com/ads/image/?d=AQIf8ZQCGbf2gvpBsUQU1-9YbthXD8HrCB0TYD4Gcei0KeO0A-_IzKE8n1J0PVA0LIRsi9XNBtjcGkN3AhY_0RMnB0h2skGxY7XUXwnS1kTJYLeA1WdAlcdlxjWxOXOWoB6uKnoFBrwe287mV6Se7027,https://fb.me/1RkvUKBMWuGf82B
wave_콘텐츠조회_br_매트_동영상_민경_베이스필수템_251029,https://www.facebook.com/ads/image/?d=AQIf8ZQCGbf2gvpBsUQU1-9YbthXD8HrCB0TYD4Gcei0KeO0A-_IzKE8n1J0PVA0LIRsi9XNBtjcGkN3AhY_0RMnB0h2skGxY7XUXwnS1kTJYLeA1WdAlcdlxjWxOXOWoB6uKnoFBrwe287mV6Se7027,https://fb.me/33kuNDmmdUuTUaz
wave_구매_asc_br_글로우_동영상_지민_투명광채_251030,https://www.facebook.com/ads/image/?d=AQIeztffBmijtogu7WU92GMkd1D_RJqjacYUIs5H2Ps7mHH6VmdsvgX8LIXGxVDuLabzvik1XYWUq6dVnH3VtTsttfiydcYPEMfwXLPtnMIx_57w6IrnsQqfBvPT146uvYvG02g4V__MBUAC_ofjwq-7,https://fb.me/2CZKAeUbagTnQs2
wave_구매_asc_br_매트_동영상_민경_도자기피부_251029,https://www.facebook.com/ads/image/?d=AQIdSEeBnoazbOfIcxqXZD6qKiFuJsJ06rAC8IcngA5yH9iLPmqPWC55KMb2QrDLNGK1X6bDS0m-t0omyobgx-Pr3DYzVMQsTQ9Dd97E_iOfY8HXkzX95-ki77zwV9ooLEcsRDzlFKz5YdVPpNfQ2Zmi,https://fb.me/1RzLMLODoJ7j75A
WAVE_핀브_전환_체험판시작_자사몰_상시_글로우_동영상_하루종일_250925,https://www.facebook.com/ads/image/?d=AQIc10Ep5P-utoI5Oy776HueK60zlpGCe1ZgpxKMt__gx-xDWCqkgsB7mJIx43QYqGYgR_-yR7Oz_jwNJXfHvkYLTbJ4fgkAl67z49OuG-sStN6osCNwVeWD51LwbQYjv3JBa-bGLunBuqW3ekArb6GY,https://fb.me/29rqdfpCCaUBmhb
WAVE_핀브_전환_콘텐츠조회_자사몰_상시_글로우_동영상_하루종일_250910,https://www.facebook.com/ads/image/?d=AQIc10Ep5P-utoI5Oy776HueK60zlpGCe1ZgpxKMt__gx-xDWCqkgsB7mJIx43QYqGYgR_-yR7Oz_jwNJXfHvkYLTbJ4fgkAl67z49OuG-sStN6osCNwVeWD51LwbQYjv3JBa-bGLunBuqW3ekArb6GY,https://fb.me/1Ru6uebbrulR2Hv
WAVE_핀브_트래픽_올영_사전광고_통합_드디어_251128,https://www.facebook.com/ads/image/?d=AQIagTLdCQAk_5f6FeO_OhbxJgiRoiev705aBae9UbFh31_FRCuNaT8YST1yKWteYV_qKokSbwx0zGO5uL1fuqcu-4JKoxeGRX72GAS_sc_O2YHf4N1oooF2q001iTQi0DvrU46WvjdaYtmvIF2YrsYh,https://fb.me/1S9AADbQL8nSzDn
상세WAVE_핀브_트래픽_올영_상시_매트_동영상_착붙_251216,https://www.facebook.com/ads/image/?d=AQIaAJT1biq3bkdhra9G1xwX5HtYEnnvPLQH_IIXUg8y49zrlyUI2GbH3SpLzwTAny5A__L5RdP68q9uY1UFGzI_5rzzj1FKbhV0mcJ0IY1unJ8nzcncC3yfzfAi0bsMGXvYp2x4j6CBdTBCJ2YkIfne,https://fb.me/2ioQRKOPJA2C7zO
상세WAVE_핀브_트래픽_올영_상시_매트_고효율_동영상_착붙_251230,https://www.facebook.com/ads/image/?d=AQIaAJT1biq3bkdhra9G1xwX5HtYEnnvPLQH_IIXUg8y49zrlyUI2GbH3SpLzwTAny5A__L5RdP68q9uY1UFGzI_5rzzj1FKbhV0mcJ0IY1unJ8nzcncC3yfzfAi0bsMGXvYp2x4j6CBdTBCJ2YkIfne,https://fb.me/26NIQc4y64cUZAL
wave_구매_asc_de_매트_동영상_내부소재2_251014,https://www.facebook.com/ads/image/?d=AQI8mdPxgVBQI9D83LSj3eo_DyYT5Ri5PDVgSfqJuHK8O74Y3IsZTHVmxwzC_8n85Hutdt-jNcDcB00X4PRsucnsIu3lgKA1qkWXkOm2q_dy8Tb3-iQprS3zDK4bjvWmdluAzb2hGfmrHhSmhQcFgBeR,https://fb.me/1YcFgNoSfk79ava
wave_구매_asc_br_매트_동영상_내부소재2_251014,https://www.facebook.com/ads/image/?d=AQI8mdPxgVBQI9D83LSj3eo_DyYT5Ri5PDVgSfqJuHK8O74Y3IsZTHVmxwzC_8n85Hutdt-jNcDcB00X4PRsucnsIu3lgKA1qkWXkOm2q_dy8Tb3-iQprS3zDK4bjvWmdluAzb2hGfmrHhSmhQcFgBeR,https://fb.me/2570cCGmYLpG0md
WAVE_핀브_전환_구매ASC_자사몰_상시_매트_동영상_세련된매트스킨_250918,https://www.facebook.com/ads/image/?d=AQI6KywXDVStlLIUCkG6m11gf1OQTbuIAnahMtmFiVdIi0wO35vTehpQEsvoAtyMn3ogHy7iJEt0pZLXV7NbnPc76N4-sEEvO3I7o35S14WNBl1NR7h4topN-VMvZ4K1gzoRW28NklzqDkOfsZdB1wTl,https://fb.me/27OQb52Ae7VR7VK
상세WAVE_핀브_트래픽_올영_상시_매트_동영상_기은세ppl_들뜸_251226,https://www.facebook.com/ads/image/?d=AQI1UV-lThz7W5NxgcRu1YIMU2Itf1OG67GjlmSR4KJjpx_RZS8-epLZecfdLfB17BOOY3VK5YJ2s7EwsAMKyxIkwA8sLxu7791uAeLufa8OSQhwN3QeWzxxErIX4hBbxQ76M7Xrz3tUVda2vS8W8wP9,https://fb.me/215vIGcRlKXMOJR
상세WAVE_핀브_트래픽_올영_상시_매트_동영상_블러필터_251219,https://www.facebook.com/ads/image/?d=AQI-JS48TeuHcICf0dWi0MwaYVHXYITx0z6X5nNTP01FvHESiJQ1ndnNrn4Pl3QZXJUzMt9MMbKZyybxeldp_RyHrM9Ir0QsPeTJUYG7p1-vGFwr57TquZLPH_FKYq8r7DTqhppHcHOjboyvxv_aHMg5,https://fb.me/26wDjKKkQaHEiGP
WAVE_핀브_전환_구매상세_자사몰_상시_글로우_동영상_광채_250926,https://scontent-dfw6-1.xx.fbcdn.net/v/t15.5256-10/553651793_1122821490042579_6818165668620967285_n.jpg?_nc_cat=101&ccb=1-7&_nc_ohc=f-WRtOt5NHMQ7kNvwHPyH5b&_nc_oc=AdlradmeEis3RSNXZRPuf8hVDB7KABigZSw62ZZrQhCEqfQUc642ScJ_6QpFGs0DTdM&_nc_zt=23&_nc_ht=scontent-dfw6-1.xx&edm=AAT1rw8EAAAA&_nc_gid=6EYyapQo-b_ZGieHCzD5ag&_nc_tpa=Q5bMBQE0nwAWhdrkZBuqXE7V9MqgFtGJhNCxrSzZJSTWKBOthaUluD-Nrj-csZaCTI5tqlbLL6T8a61a2Q&stp=c0.5000x0.5000f_dst-emg0_p1200x1200_q75_tt6&ur=b696e2&_nc_sid=58080a&oh=00_Afn6EIC1fkXpD_0VEEsOkOkr7XohAjUVgvd5GQFoRQpx-w&oe=695A6FC3,https://fb.me/2DXWKmn24KYUtQm
WAVE_핀브_전환_콘텐츠조회_자사몰_상시_글로우_동영상_광채_251001,https://scontent-dfw6-1.xx.fbcdn.net/v/t15.5256-10/553651793_1122821490042579_6818165668620967285_n.jpg?_nc_cat=101&ccb=1-7&_nc_ohc=f-WRtOt5NHMQ7kNvwHPyH5b&_nc_oc=AdlradmeEis3RSNXZRPuf8hVDB7KABigZSw62ZZrQhCEqfQUc642ScJ_6QpFGs0DTdM&_nc_zt=23&_nc_ht=scontent-dfw6-1.xx&edm=AAT1rw8EAAAA&_nc_gid=2qPdv6OeB1XqSn-SnzSzEQ&_nc_tpa=Q5bMBQHsAUDJMHbym_lZSpPJ33t8gIEq0CAbQhv0j9tgV4YWWvat8L2z5TQ-HkTjrAzl6ZFj8RRH6f_t4w&stp=c0.5000x0.5000f_dst-emg0_p1200x1200_q75_tt6&ur=b696e2&_nc_sid=58080a&oh=00_Afl_l7RLLWoyQ6Xk2FjUlw9dXRYyedU1RjEQeccxGWp0Qw&oe=695A6FC3,https://fb.me/1YZoxVNiPCeUXfl
(라이브전)wave_구매_asc_br_매트_동영상_도자기유_251014,https://scontent-dfw6-1.xx.fbcdn.net/v/t15.5256-10/544902842_1332587508212954_1284084666229652916_n.jpg?_nc_cat=101&ccb=1-7&_nc_ohc=qyc8rS0nq_oQ7kNvwHZdViy&_nc_oc=Adm-kcXi08IbnwFTKJowp2zpfBYgCsG0LjUJpRw_16ZflstArupU1WmYaf1lhxgxq9E&_nc_zt=23&_nc_ht=scontent-dfw6-1.xx&edm=AAT1rw8EAAAA&_nc_gid=rfqsPdDn3K3PFdmfTSiTzA&_nc_tpa=Q5bMBQHY8ETBjz2cuwvo9dPqvror2qCnAkWEQs_C_DzGcRtPKXihHR153iFieN09InnTiTdc45mgGJkTjQ&stp=c0.5000x0.5000f_dst-emg0_p1200x1200_q75_tt6&ur=b696e2&_nc_sid=58080a&oh=00_Afm_ejUnDxIV8JLovgHoc1mI4DwqAzE7CJsW01LTJECYYg&oe=695A6819,https://fb.me/2n8fPQLscSQhAqm
wave_콘텐츠조회_br_매트_동영상_도자기유_251014,https://scontent-dfw6-1.xx.fbcdn.net/v/t15.5256-10/544902842_1332587508212954_1284084666229652916_n.jpg?_nc_cat=101&ccb=1-7&_nc_ohc=qyc8rS0nq_oQ7kNvwHZdViy&_nc_oc=Adm-kcXi08IbnwFTKJowp2zpfBYgCsG0LjUJpRw_16ZflstArupU1WmYaf1lhxgxq9E&_nc_zt=23&_nc_ht=scontent-dfw6-1.xx&edm=AAT1rw8EAAAA&_nc_gid=agz7aGAvKaWlDhk8hM1RvQ&_nc_tpa=Q5bMBQFkGBmTueT5DSUS4oDY7dOauy92HwYFCpYGpzTeU0XXyA1uj9frtmh-i8z3wL2xekpPW2efYZ3b4A&stp=c0.5000x0.5000f_dst-emg0_p1200x1200_q75_tt6&ur=b696e2&_nc_sid=58080a&oh=00_Afnushx1ZNcYnj1d9_aR4HQroUNI5Bpa_Bn2qW5i1za99A&oe=695A6819,https://fb.me/2BpcQIHZw65Yspb
WAVE_핀브_전환_체험판시작_자사몰_상시_매트_동영상_도자기유_250925,https://scontent-dfw6-1.xx.fbcdn.net/v/t15.5256-10/544902842_1332587508212954_1284084666229652916_n.jpg?_nc_cat=101&ccb=1-7&_nc_ohc=qyc8rS0nq_oQ7kNvwFuegYM&_nc_oc=Admf7v0HP2grSFofB5LjGQqUCyhfj4HMo8To4VWW15SytqOXc4DY3VQmhFzgpnbcb50&_nc_zt=23&_nc_ht=scontent-dfw6-1.xx&edm=AAT1rw8EAAAA&_nc_gid=lm_ezsrI_UKi7kCT0ZmlAw&_nc_tpa=Q5bMBQGYhWlvof1IxlyNfzDf6IXSsOm_hoBYB6jvTeoD3TPmVpBX7VaQ-I8Yy438ScteNjhAuKw__XdESQ&stp=c0.5000x0.5000f_dst-emg0_p1200x1200_q75_tt6&ur=b696e2&_nc_sid=58080a&oh=00_AfmdfZpg1URTds7ZnSEpZF6Djhg-4dq_8rl5tYNZWNQx7A&oe=695A6819,https://fb.me/1Rm7bODN6eqWQOE
WAVE_핀브_전환_구매상세_자사몰_상시_매트_동영상_도자기유_250919,https://scontent-dfw6-1.xx.fbcdn.net/v/t15.5256-10/544902842_1332587508212954_1284084666229652916_n.jpg?_nc_cat=101&ccb=1-7&_nc_ohc=qyc8rS0nq_oQ7kNvwFJ4TZn&_nc_oc=Adn-rWbpMGL516FtUzJpvEZiv7tKE6Rb9hxkCDgDtB_au68qC6UOS6kBsgbQ4xPqpNo&_nc_zt=23&_nc_ht=scontent-dfw6-1.xx&edm=AAT1rw8EAAAA&_nc_gid=K83Bf-eosT-2gELdW5yJdw&_nc_tpa=Q5bMBQEgJQGvzMAn2-WEfkd9WxNIbHmf5yQ5JiE-1nd68tpceSW3tDEUdIg4fVyjcV_aQw4gMJ0KJv4F3w&stp=c0.5000x0.5000f_dst-emg0_p1200x1200_q75_tt6&ur=b696e2&_nc_sid=58080a&oh=00_AflHjeVwupqe-l7gxP7wkPiaW--UoeCKxXH8YcmRpWB43w&oe=695A6819,https://fb.me/2lBtICTNw6gbKU1
WAVE_핀브_전환_구매ASC_자사몰_상시_매트_동영상_도자기유_250910,https://scontent-dfw6-1.xx.fbcdn.net/v/t15.5256-10/544902842_1332587508212954_1284084666229652916_n.jpg?_nc_cat=101&ccb=1-7&_nc_ohc=qyc8rS0nq_oQ7kNvwEXGn-S&_nc_oc=AdmZ3vBwOD2GX6FjFalG8pkThDewSJ0ryUoHtKkQ0JSRybIfhomiluky0rxnlUukQQ0&_nc_zt=23&_nc_ht=scontent-dfw6-1.xx&edm=AAT1rw8EAAAA&_nc_gid=xC9zBI15_TR6OohDkip3mQ&_nc_tpa=Q5bMBQHd4tnv4wrE4PhQdl0OfWjlR-FDo7QZdfIZHLUTzMgzYx9UkD5Et7TeXVEuXn4mOkNVFqlwjI9fKg&stp=c0.5000x0.5000f_dst-emg0_p1200x1200_q75_tt6&ur=b696e2&_nc_sid=58080a&oh=00_AfnTLLqsfcZ-R3b2yMg6h9WP7XeHfM0acX__NZO-UIVBbg&oe=695A6819,https://fb.me/2mCzAF8i7AU6rdH
WAVE_핀브_전환_콘텐츠조회_자사몰_상시_매트_동영상_도자기유_250910,https://scontent-dfw6-1.xx.fbcdn.net/v/t15.5256-10/544902842_1332587508212954_1284084666229652916_n.jpg?_nc_cat=101&ccb=1-7&_nc_ohc=qyc8rS0nq_oQ7kNvwEXGn-S&_nc_oc=AdmZ3vBwOD2GX6FjFalG8pkThDewSJ0ryUoHtKkQ0JSRybIfhomiluky0rxnlUukQQ0&_nc_zt=23&_nc_ht=scontent-dfw6-1.xx&edm=AAT1rw8EAAAA&_nc_gid=wXZnvi7hKea8Qd-8t181_A&_nc_tpa=Q5bMBQGQsYSAD6yfjOXSKIXxUEtjwGaYLsjIdSV6q8nMEW6M9SMqHYA7HEaGZYJ3pTTegpBUsuciwvJQ-w&stp=c0.5000x0.5000f_dst-emg0_p1200x1200_q75_tt6&ur=b696e2&_nc_sid=58080a&oh=00_AfnRigTthOW_txekHFkOyPhRvhpfS6jpjvONEE3iLmmstw&oe=695A6819,https://fb.me/23xCVvfHxVugNXo
WAVE_핀브_전환_구매ASC_자사몰_상시_매트_동영상_도자기유_250910,https://scontent-dfw6-1.xx.fbcdn.net/v/t15.5256-10/544902842_1332587508212954_1284084666229652916_n.jpg?_nc_cat=101&ccb=1-7&_nc_ohc=qyc8rS0nq_oQ7kNvwEXGn-S&_nc_oc=AdmZ3vBwOD2GX6FjFalG8pkThDewSJ0ryUoHtKkQ0JSRybIfhomiluky0rxnlUukQQ0&_nc_zt=23&_nc_ht=scontent-dfw6-1.xx&edm=AAT1rw8EAAAA&_nc_gid=fektf0JyMFAiMtUoCwbsjg&_nc_tpa=Q5bMBQFiWCwZGgk1H9B6vQ7cWTPcX1lPNU363sDqkmLwLXFM0aZbcU4rgXuxgNJtyAQFbSOktQG_Ev3oUw&stp=c0.5000x0.5000f_dst-emg0_p1200x1200_q75_tt6&ur=b696e2&_nc_sid=58080a&oh=00_AfmY6Gp4OzXXLBouJqxHkiop9NTZWUKWXa7Z5pmJEoXdag&oe=695A6819,https://fb.me/1Y9iDz4wehw1cBk
(라이브전)wave_구매_asc_de_매트_동영상_도자기유_251014,https://scontent-dfw6-1.xx.fbcdn.net/v/t15.5256-10/544902842_1332587508212954_1284084666229652916_n.jpg?_nc_cat=101&ccb=1-7&_nc_ohc=qyc8rS0nq_oQ7kNvwEXGn-S&_nc_oc=AdmZ3vBwOD2GX6FjFalG8pkThDewSJ0ryUoHtKkQ0JSRybIfhomiluky0rxnlUukQQ0&_nc_zt=23&_nc_ht=scontent-dfw6-1.xx&edm=AAT1rw8EAAAA&_nc_gid=-KEvRtiTxvaAqk1fu7MRyg&_nc_tpa=Q5bMBQGtnHyurEH_2wGRL-XqFPanFTUVXCPmwtzWE_mxtCN4p4mHNTYaDiW0TPBahgkaxdGOiowI6qSxsA&stp=c0.5000x0.5000f_dst-emg0_p1200x1200_q75_tt6&ur=b696e2&_nc_sid=58080a&oh=00_AflRbkGIOKXZPV6GyhyjkgccKgXfXeSchzuu9WUD7D291g&oe=695A6819,https://fb.me/217boAooRkDd7rK
WAVE_핀브_전환_구매상세_자사몰_상시_매트_동영상_피부_250926,https://scontent-dfw6-1.xx.fbcdn.net/v/t15.13418-10/555670159_1211601284321116_8406095638145332351_n.jpg?_nc_cat=103&ccb=1-7&_nc_ohc=4nExieAP7ZQQ7kNvwHcTk7b&_nc_oc=AdnFcnxIPhbGxWS37n-DrtgvnhP5TAIP86UCiiRQ3SK9D5K0Lnv0dMszfmX_hgNMJuY&_nc_zt=23&_nc_ht=scontent-dfw6-1.xx&edm=AAT1rw8EAAAA&_nc_gid=vOSWiI2CpJhZvXI1I9JnKw&_nc_tpa=Q5bMBQHcjn-5PjmwWx2BpYoyXu34SOADi2cR_cxbJqdmgfLP90VAUj5CEXNJlg4aNgXANVsISQ5AseNb2A&stp=c0.5000x0.5000f_dst-emg0_p1200x1200_q75_tt6&ur=c3b633&_nc_sid=58080a&oh=00_Aflzgj9uG2jyMRoBC5-cjb3a9EUtCHcxBYBx6VJhR_C-1A&oe=695A87B3,https://fb.me/2dvJ2pFq2B3yuMQ
리타WAVE_핀브_트래픽_올영_올영세일_통합_동영상_마감_올라요_251206,https://scontent-dfw5-3.xx.fbcdn.net/v/t15.5256-10/595720003_2072811530218428_5563760095488977841_n.jpg?_nc_cat=109&ccb=1-7&_nc_ohc=C5XtO9XaTK8Q7kNvwEag9eY&_nc_oc=AdkT58vdnm-uNnIhwni2yyXYhatXFGltRP7uuabXmNUisWI9KQMDV3OtsBLUT9FjsgA&_nc_zt=23&_nc_ht=scontent-dfw5-3.xx&edm=AAT1rw8EAAAA&_nc_gid=CXoVlSeEEqtvJVl70hSOzg&_nc_tpa=Q5bMBQHMcmaBNrartRsf0T6-zUJUjl95Zd6nuH1a_zk7R3ig6_rHjtlAwDx2jHAsRjUlbGszvF_VJCtCOQ&stp=c0.5000x0.5000f_dst-emg0_p1200x1200_q75_tt6&ur=b696e2&_nc_sid=58080a&oh=00_AflLeUi8TEx_OGqFWQrhCp_FvLyD9t4V7FHQz1R1wgjyAQ&oe=695A7B8E,https://fb.me/239spf8ZgtYgzMa
WAVE_핀브_전환_구매상세_자사몰_상시_매트_동영상_블러쿠션_251014,https://scontent-dfw5-3.xx.fbcdn.net/v/t15.5256-10/559814360_1976322323204406_3513983800166241631_n.jpg?_nc_cat=109&ccb=1-7&_nc_ohc=vtFFJTnn9YcQ7kNvwHO7DrA&_nc_oc=Adngs0qmRgySYwErjF-wKnQAq0QAPHPbRSMKvHVgj7ICZK9jagSayysKIArKQbbpzuA&_nc_zt=23&_nc_ht=scontent-dfw5-3.xx&edm=AAT1rw8EAAAA&_nc_gid=TWNYJ9oE4Q6t0yTCVzaOVA&_nc_tpa=Q5bMBQG3hsRYezYTqCQ7elAreprgvmkOEWiCM0PhUm5s8zGEj3fMgsmVkasGH1UFOkXkjOim7ePmMZtfjA&stp=c0.5000x0.5000f_dst-emg0_p1200x1200_q75_tt6&ur=b696e2&_nc_sid=58080a&oh=00_Afle3SPf3_1-k5MueCbltzQftRhGYID6VgE_HVoCFiOp8g&oe=695A8171,https://fb.me/1RQHNuExtQU0oXY
wave_구매_asc_br_매트_동영상_블러쿠션_251014,https://scontent-dfw5-3.xx.fbcdn.net/v/t15.5256-10/559814360_1976322323204406_3513983800166241631_n.jpg?_nc_cat=109&ccb=1-7&_nc_ohc=vtFFJTnn9YcQ7kNvwHO7DrA&_nc_oc=Adngs0qmRgySYwErjF-wKnQAq0QAPHPbRSMKvHVgj7ICZK9jagSayysKIArKQbbpzuA&_nc_zt=23&_nc_ht=scontent-dfw5-3.xx&edm=AAT1rw8EAAAA&_nc_gid=Oug3U-mIWXf48q18lY3FZg&_nc_tpa=Q5bMBQFkxS-aJRFQDkXk_NMlOjGBioMwmriNTqkpfb_om-qg5PoGovK-BR_3SzR3cRGCYc6gUqPzEr3pxg&stp=c0.5000x0.5000f_dst-emg0_p1200x1200_q75_tt6&ur=b696e2&_nc_sid=58080a&oh=00_AfkPPQQkE1esU2r0OVjUxvLVpchAE-X7dZG7lmoYhDaIHw&oe=695A8171,https://fb.me/23tGl78sS8h3AxL
WAVE_핀브_전환_체험판시작_자사몰_상시_매트_동영상_블러쿠션_251020,https://scontent-dfw5-3.xx.fbcdn.net/v/t15.5256-10/559814360_1976322323204406_3513983800166241631_n.jpg?_nc_cat=109&ccb=1-7&_nc_ohc=vtFFJTnn9YcQ7kNvwHO7DrA&_nc_oc=Adngs0qmRgySYwErjF-wKnQAq0QAPHPbRSMKvHVgj7ICZK9jagSayysKIArKQbbpzuA&_nc_zt=23&_nc_ht=scontent-dfw5-3.xx&edm=AAT1rw8EAAAA&_nc_gid=dVe3btAANWPyHbXj1EWMkg&_nc_tpa=Q5bMBQHQU0rpH7LyYIRX94bbh0IQtIOwGr5aMmBwnv8XJeTQtGjrMK8Str8gPeQfsHeZuuWZ9IE6RQ-fRQ&stp=c0.5000x0.5000f_dst-emg0_p1200x1200_q75_tt6&ur=b696e2&_nc_sid=58080a&oh=00_Afl0nLe5CmUzSnr7sa0vBuMJw7Z4-GUwlvWl6xBN_XMA4Q&oe=695A8171,https://fb.me/2aSYIDpBGsEp5KN
wave_구매_asc_de_매트_동영상_블러쿠션_251014,https://scontent-dfw5-3.xx.fbcdn.net/v/t15.5256-10/559814360_1976322323204406_3513983800166241631_n.jpg?_nc_cat=109&ccb=1-7&_nc_ohc=vtFFJTnn9YcQ7kNvwHO7DrA&_nc_oc=Adngs0qmRgySYwErjF-wKnQAq0QAPHPbRSMKvHVgj7ICZK9jagSayysKIArKQbbpzuA&_nc_zt=23&_nc_ht=scontent-dfw5-3.xx&edm=AAT1rw8EAAAA&_nc_gid=bNhYpr61se3GCxAH6q0w_w&_nc_tpa=Q5bMBQFHWZxdktEtjZgFoANgSfNHKkotQ-Eou138aSmbwc0nDvlX3q2tgZPFlMouwTuZrZipWgkJknkCgg&stp=c0.5000x0.5000f_dst-emg0_p1200x1200_q75_tt6&ur=b696e2&_nc_sid=58080a&oh=00_Afn1QCLPEaKKbnVMIdwv0B_f62m91euxpnbDKMM2AZiA7Q&oe=695A8171,https://fb.me/217PDgnrO34sunw
WAVE_핀브_전환_체험판시작_자사몰_상시_매트_동영상_블러쿠션_251020,https://scontent-dfw5-3.xx.fbcdn.net/v/t15.5256-10/559814360_1976322323204406_3513983800166241631_n.jpg?_nc_cat=109&ccb=1-7&_nc_ohc=vtFFJTnn9YcQ7kNvwE271QF&_nc_oc=AdnLT7kRLGSnpFRxHuB__8BsEXMceY7D6EGdSjD_yTdiZk7SJLl65tECWhIAV1RWfe8&_nc_zt=23&_nc_ht=scontent-dfw5-3.xx&edm=AAT1rw8EAAAA&_nc_gid=eiRzo8ffBKyKDJVNMthkjw&_nc_tpa=Q5bMBQEWsSPK33C9Usqito14B85wfkLhtNcOqq5Y8hKP4kRC5WWKwjqG2vaWXkxecg-pbfNFPJjV_AMwmA&stp=c0.5000x0.5000f_dst-emg0_p1200x1200_q75_tt6&ur=b696e2&_nc_sid=58080a&oh=00_AfmpXd49bLdRgIabHVN0zjMSywb6XNICZegY2SaH5NsBrg&oe=695A8171,https://fb.me/22E8GNm3uAOvzWb
WAVE_핀브_전환_구매상세_자사몰_상시_글로우_동영상_여배우_251002,https://scontent-dfw5-3.xx.fbcdn.net/v/t15.5256-10/557658751_1414481367347232_5756018766436998314_n.jpg?_nc_cat=108&ccb=1-7&_nc_ohc=vXyHTRBkb2wQ7kNvwGZsklH&_nc_oc=AdmGG7Hdl9-RMffUhzqUKM1nGV91EwdJp8oa4qX7kDL4NaVYcUCOfib_CxHA5Achx68&_nc_zt=23&_nc_ht=scontent-dfw5-3.xx&edm=AAT1rw8EAAAA&_nc_gid=PyAMev_mOzGC9whj2druRQ&_nc_tpa=Q5bMBQGvvSlNsdyqbCZA0M0xv4Me3eVASyerZkEen4mkif5fyJxNp3-ZRF5tJxWVd_EJObF58N7fqziQsQ&stp=c0.5000x0.5000f_dst-emg0_p1200x1200_q75_tt6&ur=b696e2&_nc_sid=58080a&oh=00_AfnBRLQ03hKvMdJ9kYnFBuue1aIkL28_HsYfsvFs9ypJoA&oe=695A65C5,https://fb.me/1NuhM1s5unxQG2i
WAVE_핀브_전환_구매상세_자사몰_상시_매트_동영상_필터_251014,https://scontent-dfw5-3.xx.fbcdn.net/v/t15.5256-10/556679164_739204525811973_4689629135129610061_n.jpg?_nc_cat=109&ccb=1-7&_nc_ohc=_4Lgy97g4l8Q7kNvwHK7wLm&_nc_oc=AdmtWkstCsR4kYYB0pFuYgm3zMGI5Mh7rFCj1MMB5WIm0IgkdhxE8jvQ04xQqa9VeUk&_nc_zt=23&_nc_ht=scontent-dfw5-3.xx&edm=AAT1rw8EAAAA&_nc_gid=QdOFgvekUzX-JnHme0smRg&_nc_tpa=Q5bMBQEuSls9lpWNcPwBCNn7GCa8JEA9dXCdii1cH2HfFt5bhD9MfWyM_EjGFXBRzDu4O-DioLwj1Bm6HQ&stp=c0.5000x0.5000f_dst-emg0_p1200x1200_q75_tt6&ur=b696e2&_nc_sid=58080a&oh=00_AfkEUMA7aB0nsbNW7ozwLxqjE01oS2tcpN7qXvMzVQPeuQ&oe=695A7EAA,https://fb.me/1SkcENEt7HdW3iG
wave_구매_asc_de_매트_동영상_필터_251014,https://scontent-dfw5-3.xx.fbcdn.net/v/t15.5256-10/556679164_739204525811973_4689629135129610061_n.jpg?_nc_cat=109&ccb=1-7&_nc_ohc=_4Lgy97g4l8Q7kNvwHK7wLm&_nc_oc=AdmtWkstCsR4kYYB0pFuYgm3zMGI5Mh7rFCj1MMB5WIm0IgkdhxE8jvQ04xQqa9VeUk&_nc_zt=23&_nc_ht=scontent-dfw5-3.xx&edm=AAT1rw8EAAAA&_nc_gid=5VhcAkzK1mXIG0grrctIsA&_nc_tpa=Q5bMBQGdS_1LsDAFl_Nl0InLFRgeSwGFEvQSTJPnnQLsv36lBoQmPNOa_MVeSNWil1jz6ngzTgZrPmWaqw&stp=c0.5000x0.5000f_dst-emg0_p1200x1200_q75_tt6&ur=b696e2&_nc_sid=58080a&oh=00_AflvSKFmgVq5cScajKijs4EqYKHzLADHdioFmbXhJuLwiA&oe=695A7EAA,https://fb.me/2nqW1DVpOnoNSm8
wave_구매_asc_br_매트_동영상_필터_251014,https://scontent-dfw5-3.xx.fbcdn.net/v/t15.5256-10/556679164_739204525811973_4689629135129610061_n.jpg?_nc_cat=109&ccb=1-7&_nc_ohc=_4Lgy97g4l8Q7kNvwGVvP-P&_nc_oc=AdnwSSMcIIbVt50v89VMViwiHO6qjeSFg9kkpfJamLTb_eSbfsyze8SOpdC6KYzQm7U&_nc_zt=23&_nc_ht=scontent-dfw5-3.xx&edm=AAT1rw8EAAAA&_nc_gid=GWMe0S8VN-S3rGstz7gsMw&_nc_tpa=Q5bMBQE4l-Id37d8I8DzXnznIcUy1HEdyCKmD7oY_-mI5oFJ-R3kc-qIxNHAgRzyleC-6GjrrO2xXku4mA&stp=c0.5000x0.5000f_dst-emg0_p1200x1200_q75_tt6&ur=b696e2&_nc_sid=58080a&oh=00_AflyaoDuYlOfUoxezXGh-LOkGUCNUXSvtpQN2l9vucS2zQ&oe=695A7EAA,https://fb.me/1Yev1ex3Z1C6AIz
(라이브전)WAVE_핀브_전환_체험판시작_자사몰_상시_매트_동영상_필터_251002,https://scontent-dfw5-3.xx.fbcdn.net/v/t15.5256-10/556679164_739204525811973_4689629135129610061_n.jpg?_nc_cat=109&ccb=1-7&_nc_ohc=_4Lgy97g4l8Q7kNvwG36tDY&_nc_oc=AdkRpFYMHxl1SSyHGrMhaxitTg1nUSNqhqwmRyN6HjKDzpT0B82IG5nh0HwlWXoqxsk&_nc_zt=23&_nc_ht=scontent-dfw5-3.xx&edm=AAT1rw8EAAAA&_nc_gid=eQGy7wQSH4lFNPVMreMpvw&_nc_tpa=Q5bMBQG3psXkHtj-yeFZhd3-V8fWkPsjh9kV-P9pS2hLV64VnwMKXjQYEK3_LRFcWaZvz69zg-acpaoEAA&stp=c0.5000x0.5000f_dst-emg0_p1200x1200_q75_tt6&ur=b696e2&_nc_sid=58080a&oh=00_AfkwUBA1PBzljqERXRD19UlR5SWh91jwDoYQ8tKAwKP3KQ&oe=695A7EAA,https://fb.me/xYUohms8NbfiNhQ
WAVE_핀브_전환_체험판시작_자사몰_상시_매트_동영상_12시간커버_250925,https://scontent-dfw5-3.xx.fbcdn.net/v/t15.5256-10/550282156_2221405481709181_7968233032391406991_n.jpg?_nc_cat=109&ccb=1-7&_nc_ohc=7O-9VX8JsnwQ7kNvwHn7GQA&_nc_oc=AdnGyj7AD2Zf_KGxyZA8Fhy_sLD9905gfGtMIEn6mcqxLNl4dtYDXgedxcMolRI_mxc&_nc_zt=23&_nc_ht=scontent-dfw5-3.xx&edm=AAT1rw8EAAAA&_nc_gid=U7ZQTuqSpE8uAYVftE_nAw&_nc_tpa=Q5bMBQFbyF1PQvbuiF3sOW4ejlfzV_z1B6E2Fx-QukoXZDY_LQuOTiZB1YT_55lgTETwj2DRCiHKGoCt6A&stp=c0.5000x0.5000f_dst-emg0_p1200x1200_q75_tt6&ur=b696e2&_nc_sid=58080a&oh=00_Afmcq7Z3syd-6HR-NwGe4_88OjdG0D5Guw-3WLm1z3YJUg&oe=695A70F8,https://fb.me/xJrI0m9RJnZWLiC
WAVE_핀브_전환_구매상세_자사몰_상시_매트_동영상_12시간커버_250919,https://scontent-dfw5-3.xx.fbcdn.net/v/t15.5256-10/550282156_2221405481709181_7968233032391406991_n.jpg?_nc_cat=109&ccb=1-7&_nc_ohc=7O-9VX8JsnwQ7kNvwHn7GQA&_nc_oc=AdnGyj7AD2Zf_KGxyZA8Fhy_sLD9905gfGtMIEn6mcqxLNl4dtYDXgedxcMolRI_mxc&_nc_zt=23&_nc_ht=scontent-dfw5-3.xx&edm=AAT1rw8EAAAA&_nc_gid=q_7ywsJYMnhyCDdDI_6BNw&_nc_tpa=Q5bMBQFsntgQkYdkg4dvu816z0nSasGb73szfNYODHbGYKjWrKTYwlqeZsUL0JbzE3TGgVM3A0MEXgZsXA&stp=c0.5000x0.5000f_dst-emg0_p1200x1200_q75_tt6&ur=b696e2&_nc_sid=58080a&oh=00_AfmHr8SKboRIU_Uxh0bIFnB1MYV92kvfPqr_Thu6NMHjXw&oe=695A70F8,https://fb.me/26qxSVHkO0pp3D4
상세WAVE_핀브_트래픽_올영_올영세일_pa_매트_셔니콩_251203,https://scontent-dfw5-2.xx.fbcdn.net/v/t15.5256-10/593739225_1753377035353153_1521679578670305316_n.jpg?_nc_cat=106&ccb=1-7&_nc_ohc=idzHuSXhVh0Q7kNvwHQoIZd&_nc_oc=AdkaeeSyy5g1ErjEgDdF87f4rrXTYN8kW4U4QHd3ZkL0EP0zRb-zZFM3T64IyFA9GTs&_nc_zt=23&_nc_ht=scontent-dfw5-2.xx&edm=AAT1rw8EAAAA&_nc_gid=Gzmk87TlfIxP0-8usIVFkQ&_nc_tpa=Q5bMBQHHcf9-VzSsUrevz2dhAJCJNZlmeEIRoCcxLoXof6VzjwL31zNBrPzNU9QWurJUfPk2WyNY-37rOQ&stp=c0.5000x0.5000f_dst-emg0_p1200x1200_q75_tt6&ur=a7ce7f&_nc_sid=58080a&oh=00_AflSs0f4oNZLSEzH_m0vhSlTq6Saf-BTD4LTkEBu2iz3mg&oe=695A7BE0,https://fb.me/1YC3ZoOZhFV7BVy
상세WAVE_핀브_트래픽_올영_올영세일_pa_글로우_sylphd_251203,https://scontent-dfw5-2.xx.fbcdn.net/v/t15.5256-10/592491115_821069307495085_8531170977643386889_n.jpg?_nc_cat=100&ccb=1-7&_nc_ohc=liQE9Z5IiPEQ7kNvwEAVChz&_nc_oc=AdnD_MuzbUR8aYSEZR-P-8uuyHQHCvX2m4ckAgS5vja2OVIjWFlmUyif5EA5pnJ780U&_nc_zt=23&_nc_ht=scontent-dfw5-2.xx&edm=AAT1rw8EAAAA&_nc_gid=EsPH6LZRd1vZBEKmEsultQ&_nc_tpa=Q5bMBQE8NBRlAFNne8uPgcPkfMiT7Jg9NoUYKBsX7RjfQM1LIc1tNeKPRZbFhYoMjLV-NbLpiQyp2sjf0A&stp=c0.5000x0.5000f_dst-emg0_p1200x1200_q75_tt6&ur=a7ce7f&_nc_sid=58080a&oh=00_Afk9SmQysblsq93Dbx8Nvik8J-GQQEj8DdjBzaO_AN9idw&oe=695A5CE6,https://fb.me/2fLC2zVDhoNzz7n
wave_구매_asc_pa_글로우_냥예원_251106,https://scontent-dfw5-2.xx.fbcdn.net/v/t15.5256-10/576926140_717569464703733_7022592133584548708_n.jpg?_nc_cat=100&ccb=1-7&_nc_ohc=gciyKWzoewUQ7kNvwHJqNU4&_nc_oc=Adm2LZYxQlsbITzj4CC4yoAacZpaVIOK3ngWyvR0_R5KnAeyyAyyj2y_2aLLnsTQuCE&_nc_zt=23&_nc_ht=scontent-dfw5-2.xx&edm=AAT1rw8EAAAA&_nc_gid=Bzj8jAKZ_goOkK7ck4Qlew&_nc_tpa=Q5bMBQFF3BtPXNH_5XohJRq9uNymycsiM3oc9-67RE6obe66CCX4E2d3JbUrotBHDvr6iUmvQhzPPc5uFg&stp=c0.5000x0.5000f_dst-emg0_p1200x1200_q75_tt6&ur=a7ce7f&_nc_sid=58080a&oh=00_AflxczO4wLcvbmAHz2PdGN4onwzWJfVNUpUiMUnr_nZR0w&oe=695A6A5A,https://fb.me/2ehFVUwjJJHuZX2
wave_구매_asc_de_매트_동영상_지성피부정착_251028,https://scontent-dfw5-2.xx.fbcdn.net/v/t15.5256-10/566516998_1189914462982996_6761466271082001814_n.jpg?_nc_cat=106&ccb=1-7&_nc_ohc=k-ItiY_XnjQQ7kNvwG3vLpp&_nc_oc=Adm6fPRkXXTe84SPG-35dtgFSt4KPcemh9UdovvqYHu-bl7tjjOJIuxJZUrQZenCwO0&_nc_zt=23&_nc_ht=scontent-dfw5-2.xx&edm=AAT1rw8EAAAA&_nc_gid=vSUgXw3m28zk2xbA3hxXcw&_nc_tpa=Q5bMBQGCXklVn2LagIIwxPnAMZ715pewa6onKSDN80jEl69VSuC9-QWg-wF10kLHmqlTQUjC_Xoz7vVYyQ&stp=c0.5000x0.5000f_dst-emg0_p1200x1200_q75_tt6&ur=b696e2&_nc_sid=58080a&oh=00_AfnIsFGX2gDlG76PMkdYoEnG2v6pWN-f8ny4t8s-sw6mmg&oe=695A8941,https://fb.me/27e1VMuXIMlmDUP
wave_구매_asc_de_매트_동영상_건조한날씨에도_251020,https://scontent-dfw5-2.xx.fbcdn.net/v/t15.5256-10/566201542_1343092287469887_3820286408694382109_n.jpg?_nc_cat=102&ccb=1-7&_nc_ohc=_RUDjJJSqIQQ7kNvwFXTe-L&_nc_oc=Adk05Il8CEKvV7ZUx7w94-7ORmRl95HvoPt_9LXXzLsR8gsMmR2BtrTM5dRBzWQl_qU&_nc_zt=23&_nc_ht=scontent-dfw5-2.xx&edm=AAT1rw8EAAAA&_nc_gid=Avcw2rSA928AyljU8hFqhw&_nc_tpa=Q5bMBQFDX07cIZONIBbch1PpfmZgInolEAl28YWzmTxcYRK1HanDBmhUkRgmjwFiBLyO6ggvP6aZ67aHOA&stp=c0.5000x0.5000f_dst-emg0_p1200x1200_q75_tt6&ur=b696e2&_nc_sid=58080a&oh=00_AfkDUluOJGlNgIQzyWbMrfRcdky5JQTVNbhotaNzKbXBjA&oe=695A84EE,https://fb.me/27fNvTMiBu9FTb9
WAVE_핀브_전환_구매상세_자사몰_상시_글로우_동영상_숨쉬는듯_251014,https://scontent-dfw5-2.xx.fbcdn.net/v/t15.5256-10/558773608_2204373056728733_140129344661737573_n.jpg?_nc_cat=104&ccb=1-7&_nc_ohc=CEuib1PL8bsQ7kNvwGyAXyS&_nc_oc=Adm1em8ycV5mTLKITJnJ56tBtX_k3JmTNM8mwIS2oIdlaca_l3CfIPt8Rl0ogl6pVR4&_nc_zt=23&_nc_ht=scontent-dfw5-2.xx&edm=AAT1rw8EAAAA&_nc_gid=Gx3gOl1TPtXENuZ6ilRkNg&_nc_tpa=Q5bMBQHoQibAzj1sm9y0Dot9-2Zhl25tSmewjethzPYhquqVDuT8iVWTFkU_SAtIZVeBkmyqwraaugsMLw&stp=c0.5000x0.5000f_dst-emg0_p1200x1200_q75_tt6&ur=b696e2&_nc_sid=58080a&oh=00_AflYN-RW_Huujga1S2zF6JvCNQai5SdMxQE088YqONZZHw&oe=695A6DAF,https://fb.me/1YOBzE3sZKnrGfH
(라이브전)WAVE_핀브_전환_체험판시작_자사몰_상시_글로우_동영상_숨쉬는듯_251002,https://scontent-dfw5-2.xx.fbcdn.net/v/t15.5256-10/558773608_2204373056728733_140129344661737573_n.jpg?_nc_cat=104&ccb=1-7&_nc_ohc=CEuib1PL8bsQ7kNvwGyAXyS&_nc_oc=Adm1em8ycV5mTLKITJnJ56tBtX_k3JmTNM8mwIS2oIdlaca_l3CfIPt8Rl0ogl6pVR4&_nc_zt=23&_nc_ht=scontent-dfw5-2.xx&edm=AAT1rw8EAAAA&_nc_gid=602vnjShnakBk4TJDI-2dw&_nc_tpa=Q5bMBQGBl-NCy6izo9gLh193DJYiUakLOBkU74N86RyIClmJvnT80ofq4Llakm_rEBpNuALVfGaNNUk27A&stp=c0.5000x0.5000f_dst-emg0_p1200x1200_q75_tt6&ur=b696e2&_nc_sid=58080a&oh=00_AfluKPUwx7uy0GWeq5ean-u0zA5FSLBWOqnBgxSa1n9EZA&oe=695A6DAF,https://fb.me/2cohLQvMghFO04b
wave_구매_asc_de_글로우_동영상_숨쉬는듯_251014,https://scontent-dfw5-2.xx.fbcdn.net/v/t15.5256-10/558773608_2204373056728733_140129344661737573_n.jpg?_nc_cat=104&ccb=1-7&_nc_ohc=CEuib1PL8bsQ7kNvwFp-KEC&_nc_oc=AdlrTkuvgSbNs7akjw2ciqbmJjIvxuD5eysn73fOKsACMRK2yxWJqvBt376nHtVF4-M&_nc_zt=23&_nc_ht=scontent-dfw5-2.xx&edm=AAT1rw8EAAAA&_nc_gid=DIJco0sI6g8ufDnonHh66g&_nc_tpa=Q5bMBQH0_hsU4ug3Ey7eDU1q-e9lLcFCiwWG4KlrS82oBGA1QQRBv6tPqcKQKS0uVKysIKLk1nwkPesEjg&stp=c0.5000x0.5000f_dst-emg0_p1200x1200_q75_tt6&ur=b696e2&_nc_sid=58080a&oh=00_AflweMtR5rNVW2wYWmNORS930ZyEaOkthRISWWKVa_ywQw&oe=695A6DAF,https://fb.me/1RDLOTr4rod7ovJ
wave_구매_asc_br_글로우_동영상_숨쉬는듯_251014,https://scontent-dfw5-2.xx.fbcdn.net/v/t15.5256-10/558773608_2204373056728733_140129344661737573_n.jpg?_nc_cat=104&ccb=1-7&_nc_ohc=CEuib1PL8bsQ7kNvwE1yiyb&_nc_oc=Adk0zKZmeKZeR3VfhPg-Zv6OWtSNsnjsBvH2TkzqAUPTMASmMMFEwdiyX7n-G6Y4xsY&_nc_zt=23&_nc_ht=scontent-dfw5-2.xx&edm=AAT1rw8EAAAA&_nc_gid=edNpnSriRS3F3sQVrVYxhg&_nc_tpa=Q5bMBQHmuih7IKIrZ_nmmxNGipcnWZAAv5xz_vEWLnPS8iGvyyciOOSy2fLyAffR2cZnPyYV2KvenszpZA&stp=c0.5000x0.5000f_dst-emg0_p1200x1200_q75_tt6&ur=b696e2&_nc_sid=58080a&oh=00_AfnrwROFT2PmsJuRiEoSV3lTJxHBLp4XI72ozyT3TW42HA&oe=695A6DAF,https://fb.me/2mDnRVQmcahyr1i
(라이브전)wave_구매_asc_de_매트_동영상_12시간커버_251014,https://scontent-dfw5-2.xx.fbcdn.net/v/t15.5256-10/555064617_639418362337192_6036303793884895731_n.jpg?_nc_cat=104&ccb=1-7&_nc_ohc=xdAXRXB3AYUQ7kNvwGVHvq7&_nc_oc=AdnGX5FFLzRaKM0jFounm8FKOQTDTUA1eaUhM3pMoCp97ZLw0YbTBArdTgZQ54mnukA&_nc_zt=23&_nc_ht=scontent-dfw5-2.xx&edm=AAT1rw8EAAAA&_nc_gid=FMnnD4jzqvb4rchCPCrOug&_nc_tpa=Q5bMBQHiZocXniIcnY3Z7CotAlWIt27O0B9FmP2SoIemcRoEiAsLskVDo_QHZZc8vHRKwx3swGORzDKpQw&stp=c0.5000x0.5000f_dst-emg0_p1200x1200_q75_tt6&ur=b696e2&_nc_sid=58080a&oh=00_Afl3UkK8tYej5T8T9_hs0D0YT2Vc02hhHQ0Yh8MPY93zEg&oe=695A7DBE,https://fb.me/2hfgw6aXJ1JFfOn
(라이브전)wave_구매_asc_br_매트_동영상_12시간커버_251014,https://scontent-dfw5-2.xx.fbcdn.net/v/t15.5256-10/555064617_639418362337192_6036303793884895731_n.jpg?_nc_cat=104&ccb=1-7&_nc_ohc=xdAXRXB3AYUQ7kNvwEVwBeK&_nc_oc=AdnRXr5InE_Hcq8glFy1vAcObFXnUlaNR7Y4QPeX8Y9oHOgkpfuC0sWY_MDwcYLv4FI&_nc_zt=23&_nc_ht=scontent-dfw5-2.xx&edm=AAT1rw8EAAAA&_nc_gid=RkhqHHUNoj6RG6t52CclQQ&_nc_tpa=Q5bMBQHE2pJXK9lUjCB3Y3a8Bva05DvjB9Tyk5Jt1KKUj6hQagJY3ekd1mhMx2U0k8AyK7lvX5ipgfWHEw&stp=c0.5000x0.5000f_dst-emg0_p1200x1200_q75_tt6&ur=b696e2&_nc_sid=58080a&oh=00_AfmX9Rj1osXCenJRZd7MqJq6K4EkIYcKcNlr4EFgIcKrXg&oe=695A7DBE,https://fb.me/1XTPXXSWutj9Lvy
WAVE_핀브_전환_구매상세_자사몰_상시_글로우_동영상_수분광만_250926,https://scontent-dfw5-2.xx.fbcdn.net/v/t15.5256-10/553189812_1178897844285356_2802005284271940304_n.jpg?_nc_cat=104&ccb=1-7&_nc_ohc=3myzP6rWhoYQ7kNvwEnJWCE&_nc_oc=AdnGc9WPgsu4JfnmUEA0jQxrqj0sirh-ZHGpqqcYtpg58P3ulQhxswX6GOyt4S1sC_U&_nc_zt=23&_nc_ht=scontent-dfw5-2.xx&edm=AAT1rw8EAAAA&_nc_gid=sEsV0NTolsiXPwaTDLVi7Q&_nc_tpa=Q5bMBQGnvqbdrGCprjN5HvopjfZWIYmTKVE_uIsNVHc0oXWsjTt5LI-ROqCjGu86OaPenXg72qpHGSQkIw&stp=c0.5000x0.5000f_dst-emg0_p1200x1200_q75_tt6&ur=b696e2&_nc_sid=58080a&oh=00_AflAtrG_uGW4leOMpi7-YPmcRxNO1wm5leVdGOvaiNVwyw&oe=695A896E,https://fb.me/1V9mS4BljUfrdoj
WAVE_핀브_전환_체험판시작_자사몰_상시_매트_동영상_세련된매트스킨_251020,https://scontent-dfw5-2.xx.fbcdn.net/v/t15.5256-10/550056551_24729737653351262_2207327188013268791_n.jpg?_nc_cat=100&ccb=1-7&_nc_ohc=OLmB3VEUpZoQ7kNvwGP7ah2&_nc_oc=AdlE2VsFAYjAqtgKM6u0tNp7JnvOYumBgXUfQ_krAwE5cDssBwDcvBSCfKEa35KVQn4&_nc_zt=23&_nc_ht=scontent-dfw5-2.xx&edm=AAT1rw8EAAAA&_nc_gid=4GKmVXVFEngGW8BYPxnkNA&_nc_tpa=Q5bMBQE3sP3IbLIAFJ_xqbW5B-ve_gKHK3sCXKF6R9G_u3nS6vNr7Od0laQpSlqDTilBYUPBk8pWPGhZ0g&stp=c0.5000x0.5000f_dst-emg0_p1200x1200_q75_tt6&ur=b696e2&_nc_sid=58080a&oh=00_AfnQWVLwCduHkQKTaeYI4D-0zFyT-rykZGkUO5QqY3IDTw&oe=695A8134,https://fb.me/1OeV5iEJ15Dxs3N
WAVE_핀브_전환_구매상세_자사몰_상시_매트_동영상_세련된매트스킨_250919,https://scontent-dfw5-2.xx.fbcdn.net/v/t15.5256-10/550056551_24729737653351262_2207327188013268791_n.jpg?_nc_cat=100&ccb=1-7&_nc_ohc=OLmB3VEUpZoQ7kNvwEmrwoz&_nc_oc=Adk5lanEAE6J7rb2f1G9FrL6qXQdEXfyh3W94jvIifOvcyxyhWzQCOPc_tzpS3swEps&_nc_zt=23&_nc_ht=scontent-dfw5-2.xx&edm=AAT1rw8EAAAA&_nc_gid=dB2g-RGfGP7KR2UTR4V1TA&_nc_tpa=Q5bMBQFve0dNe6N7VJ3-drzeEvPfI31zTv7nT51Sez3lX9wyi3CqzryPRONQV2yFDKNZ9cNCLIoYnYZKQw&stp=c0.5000x0.5000f_dst-emg0_p1200x1200_q75_tt6&ur=b696e2&_nc_sid=58080a&oh=00_AflNoxseiCIIAdc9-6UljJeCrOh5ldWD5ul5r6--VS9zlQ&oe=695A8134,https://fb.me/1UzMDtj9Ig5hMzx
상세WAVE_핀브_트래픽_올영_올영세일_통합_동영상_마감_올라요_251206,https://scontent-dfw5-1.xx.fbcdn.net/v/t15.5256-10/593338057_871571625524815_4568113496828144883_n.jpg?_nc_cat=105&ccb=1-7&_nc_ohc=SbH6oGpo1BwQ7kNvwEs0wzL&_nc_oc=AdkpvSL-hbpIV9g2byJKw0gXREGbFiAlQqLd5nsIgzp-OpTaKKoz2iNkdft60uzuRa4&_nc_zt=23&_nc_ht=scontent-dfw5-1.xx&edm=AAT1rw8EAAAA&_nc_gid=_zxdG6UMMAT4BeLX8zQEgw&_nc_tpa=Q5bMBQFyKGuFLSEnK0L0SUJRsIWlNLiImUFh6F44BZLHB_51-G-mIenGu-gAy0UPrPpd8ukZeJBhYnyi9Q&stp=c0.5000x0.5000f_dst-emg0_p1200x1200_q75_tt6&ur=b696e2&_nc_sid=58080a&oh=00_AflNVKYRptx6hJnTllgEh2F3uggEds3OCOtN_CMNgwbnPg&oe=695A7F08,https://fb.me/20vyJXYK3ujbrOK
상세WAVE_핀브_트래픽_올영_올영세일_pa_글로우_냥예원_251203,https://scontent-dfw5-1.xx.fbcdn.net/v/t15.5256-10/592395097_1211304077551651_282140696277095925_n.jpg?_nc_cat=105&ccb=1-7&_nc_ohc=V1oaF3uambAQ7kNvwHVG8LZ&_nc_oc=AdnIBk5ccEaGyaeTDtxOy1cihk1sy-picNHzQG4UZECJKVu9TTjLAg_N5p3NvVB4lSo&_nc_zt=23&_nc_ht=scontent-dfw5-1.xx&edm=AAT1rw8EAAAA&_nc_gid=_jXxMrdep0NaBZsJuf67dw&_nc_tpa=Q5bMBQGL7IJbOjSKMagvNBU8Y35srUAEXtttBF1T4UKzLxRO9t9lZO6b_YMZNcEOd0sH1omd9NkmGiJP_Q&stp=c0.5000x0.5000f_dst-emg0_p1200x1200_q75_tt6&ur=a7ce7f&_nc_sid=58080a&oh=00_AflYPCRbl8nRDxsFOwUenGua9QYPpJZBtTN7YhcResjtOA&oe=695A6AF1,https://fb.me/1YJhBVN1GUUtq8u
wave_구매_asc_pa_매트_셔니콩_251106,https://scontent-dfw5-1.xx.fbcdn.net/v/t15.5256-10/576619391_1745660469444147_3510687599189672928_n.jpg?_nc_cat=110&ccb=1-7&_nc_ohc=Mw8Q3F1Y-oUQ7kNvwH8B4YV&_nc_oc=AdmUe68xEFQq8TfpX-3555N8t-DgeKN79_whaLRYwycOTgpxt9VHhMHvEge1VsoCIHE&_nc_zt=23&_nc_ht=scontent-dfw5-1.xx&edm=AAT1rw8EAAAA&_nc_gid=k4C2lfX00hnlP17cVpTnHg&_nc_tpa=Q5bMBQGRHN990oYvA1w0xH9vPSw9fjj2DbC9Vx4AoOeyfa7Y7g-HWJe9obJU4Kz41NCuAIN4cdwr7vmTLg&stp=c0.5000x0.5000f_dst-emg0_p1200x1200_q75_tt6&ur=a7ce7f&_nc_sid=58080a&oh=00_AfnSYDx-Yjkzb_En9UMnTzWQ0qs822SC3OBK0EGLt1L7BA&oe=695A7C94,https://fb.me/1NVCieOosB1vDTe
wave_구매_asc_pa_글로우_sylphd_251106,https://scontent-dfw5-1.xx.fbcdn.net/v/t15.5256-10/576551219_853648727344185_2388310278474928059_n.jpg?_nc_cat=110&ccb=1-7&_nc_ohc=bZfDFhsinusQ7kNvwHMoi_v&_nc_oc=AdlxCJkxvOXGfVJRTeH8HwTdewEWwvNPKZN62zmr-WG13CGlNuXeC8Mq_nXxiXfEBC4&_nc_zt=23&_nc_ht=scontent-dfw5-1.xx&edm=AAT1rw8EAAAA&_nc_gid=4t_gEu2NH5KmZ6tGNFuTdQ&_nc_tpa=Q5bMBQETyL87cFLZg0p1zbrFC4XTCBItxtLW0AOIVGIxOHNZrSLNnKGILIJwEaSaBhgqJElgM5mYFLDyNg&stp=c0.5000x0.5000f_dst-emg0_p1200x1200_q75_tt6&ur=a7ce7f&_nc_sid=58080a&oh=00_Afm-i-VoLUv96pCzErL95c--1pQFIbn9ruJL4J-6kB3iPw&oe=695A8B1C,https://fb.me/1ZPugyVNUpp9q2X
wave_구매_asc_br_매트_동영상_지성피부정착_251028,https://scontent-dfw5-1.xx.fbcdn.net/v/t15.5256-10/566576776_3269625439885273_4267142477087025015_n.jpg?_nc_cat=111&ccb=1-7&_nc_ohc=8aSZ_6MoCi8Q7kNvwEY_uhK&_nc_oc=AdlhOSCA-pXU5q_bZQGJf1c_KediB5FEwRYkfxMVyECmK8_0e_Pnt_lLs9hRBrTUDlA&_nc_zt=23&_nc_ht=scontent-dfw5-1.xx&edm=AAT1rw8EAAAA&_nc_gid=uGQgN6k1DDae_-0LEBM4eQ&_nc_tpa=Q5bMBQE1lkgxsY1Uoz5w0qEpj36vgzljCK3_ZtdTJrzViLjek0tpurP7sgZtBL7dZ2bMDk71-GBVbC3h6w&stp=c0.5000x0.5000f_dst-emg0_p1200x1200_q75_tt6&ur=b696e2&_nc_sid=58080a&oh=00_AfkLTHInRZDozaXugPW5EIEV1BMY4ps0_cCyEkdJ6sf-5A&oe=695A73E2,https://fb.me/22WP06RM3hwAKv0
wave_구매_asc_br_매트_동영상_건조한날씨에도_251020,https://scontent-dfw5-1.xx.fbcdn.net/v/t15.5256-10/566576776_3269625439885273_4267142477087025015_n.jpg?_nc_cat=111&ccb=1-7&_nc_ohc=8aSZ_6MoCi8Q7kNvwEY_uhK&_nc_oc=AdlhOSCA-pXU5q_bZQGJf1c_KediB5FEwRYkfxMVyECmK8_0e_Pnt_lLs9hRBrTUDlA&_nc_zt=23&_nc_ht=scontent-dfw5-1.xx&edm=AAT1rw8EAAAA&_nc_gid=mGDyNht_YZf-41yqx3nHgA&_nc_tpa=Q5bMBQFZJATgvqHTgkaPpkR4wIeAoWQlJGld0tBIPoZRXSjg58zzJqwoiCMZskuEVT3DR9h19dY2SEFLkQ&stp=c0.5000x0.5000f_dst-emg0_p1200x1200_q75_tt6&ur=b696e2&_nc_sid=58080a&oh=00_Afl-8FDxbvzoiU66EeifN1sEk05HmJ2wPMk2TVyX01UAvg&oe=695A73E2,https://fb.me/2idfP6TXLgFOsKQ
(라이브전)WAVE_핀브_전환_체험판시작_자사몰_상시_글로우_동영상_여배우_251002,https://scontent-dfw5-1.xx.fbcdn.net/v/t15.5256-10/558207603_1481992826253180_4585811068916591946_n.jpg?_nc_cat=110&ccb=1-7&_nc_ohc=63D6K49JD4AQ7kNvwHWj6l5&_nc_oc=AdmItDf-HwkPt_LRKYJBCeJ9r7UlF80LhISAc11yHw9KG3WTWUxMQMxmfcWFpg1xLpU&_nc_zt=23&_nc_ht=scontent-dfw5-1.xx&edm=AAT1rw8EAAAA&_nc_gid=QDrvfIpIe5jU20_Uj-653w&_nc_tpa=Q5bMBQH0SjPKpfZlXEjivKAsXS8hHcZ3H7mp-tYiTcJLdvKJ7MpZ81HLFzTKDOcXIRjcMg7JcSQr-QqMDg&stp=c0.5000x0.5000f_dst-emg0_p1200x1200_q75_tt6&ur=b696e2&_nc_sid=58080a&oh=00_AfnnXwJ-Zu8OWCM6hJoCDpr4Erfp81HZs46mohL4V3IWEA&oe=695A7C5F,https://fb.me/1YBETXtpuX3qjrv
wave_구매_asc_br_글로우_동영상_확실한_251014,https://scontent-dfw5-1.xx.fbcdn.net/v/t15.5256-10/557080975_1505257503701977_70999992233174647_n.jpg?_nc_cat=107&ccb=1-7&_nc_ohc=apdDUrjt8hcQ7kNvwGxVgqg&_nc_oc=AdkTok2ErUC2wd0zVQGxQO4-tpCbFs_lMux4A59LRVqumf7PChwjgPHlzRPY3hC5m-I&_nc_zt=23&_nc_ht=scontent-dfw5-1.xx&edm=AAT1rw8EAAAA&_nc_gid=Lw5DhDQghF1LbmmeoFeHjw&_nc_tpa=Q5bMBQHmsM1qQXIpmvJ8hAlvKVj4tOxfLmoffRZaVTcEiflD_vMbqhfJkvYxS9HJtlIu3lOtkNQwpQ7zGA&stp=c0.5000x0.5000f_dst-emg0_p1200x1200_q75_tt6&ur=b696e2&_nc_sid=58080a&oh=00_Aflttr0zk_0GfptFlAzvxHX6JIxFaNVotDmxIbV_0_8OYg&oe=695A6812,https://fb.me/212s44PiZE7jxjx
WAVE_핀브_전환_구매상세_자사몰_상시_글로우_동영상_확실한_250929,https://scontent-dfw5-1.xx.fbcdn.net/v/t15.5256-10/555112331_1486996535779793_1206524659530430547_n.jpg?_nc_cat=110&ccb=1-7&_nc_ohc=vyNGrPV-vSEQ7kNvwGFwi2Q&_nc_oc=AdnGydRu1wn2DC-4DjmXe5GGdSh50wDJFwj4ZwcDIc1zbhhnZje33duyzMi9UfNKr5A&_nc_zt=23&_nc_ht=scontent-dfw5-1.xx&edm=AAT1rw8EAAAA&_nc_gid=Z_33pbPPK-xNm-WS0eJqcQ&_nc_tpa=Q5bMBQF0842CHB0kiYLx4lbwjX7SOcv6z16mOXuax02qg3U1-dtWvlAfumA4fd8_l1fqxJhAP4_JRBQkEA&stp=c0.5000x0.5000f_dst-emg0_p1200x1200_q75_tt6&ur=b696e2&_nc_sid=58080a&oh=00_AfmvbdRojw33fGcxZEY1qL7MhyYtXg8OPb8JrFakh--V7g&oe=695A7537,https://fb.me/1RiNeKgTxZPw1Qv
wave_구매_asc_de_글로우_동영상_확실한_251014,https://scontent-dfw5-1.xx.fbcdn.net/v/t15.5256-10/555112331_1486996535779793_1206524659530430547_n.jpg?_nc_cat=110&ccb=1-7&_nc_ohc=vyNGrPV-vSEQ7kNvwGFwi2Q&_nc_oc=AdnGydRu1wn2DC-4DjmXe5GGdSh50wDJFwj4ZwcDIc1zbhhnZje33duyzMi9UfNKr5A&_nc_zt=23&_nc_ht=scontent-dfw5-1.xx&edm=AAT1rw8EAAAA&_nc_gid=kiSWpV2PgC0yuDh6gbQjWw&_nc_tpa=Q5bMBQEVZEnQZbYzpRatr51w8Pdxh3P2CPJ7xazrtlXVTZP3cw51DTIfmPkpjCbwPWHixyxCqP6QgfMSog&stp=c0.5000x0.5000f_dst-emg0_p1200x1200_q75_tt6&ur=b696e2&_nc_sid=58080a&oh=00_AflvwrwFofKYQ6SmNrzn68hYrZkk0Y3xJIUlPtyPLCFjwg&oe=695A7537,https://fb.me/2gstt4aj70oW8NN
(라이브전)wave_구매_asc_de_글로우_동영상_광채_251014,https://scontent-dfw5-1.xx.fbcdn.net/v/t15.5256-10/552946223_1488745322157428_9177914427699786811_n.jpg?_nc_cat=107&ccb=1-7&_nc_ohc=S2kyYoFNJm8Q7kNvwGOj4s3&_nc_oc=AdlVTPDOYKit4eDt4dgEdK4CNoeODNCo113OeUZ1Lvq1AKYWv8OIxIVlM7sYg4zgJO8&_nc_zt=23&_nc_ht=scontent-dfw5-1.xx&edm=AAT1rw8EAAAA&_nc_gid=xiyTPLOUs-ponqEvKL4i2Q&_nc_tpa=Q5bMBQHVCgjybxeDPo22AJlk591bXdwHojv8Zno7XhNqE2tcdIdjn_hdZG0tytn67xgwX12t4NsQK5SVZA&stp=c0.5000x0.5000f_dst-emg0_p1200x1200_q75_tt6&ur=b696e2&_nc_sid=58080a&oh=00_Afl48-egpOzGdF4sm0SmPS_zOLah240jUv0o9SUcM8-tcQ&oe=695A8125,https://fb.me/1QTSd978rOve7BM
WAVE_핀브_전환_체험판시작_자사몰_상시_글로우_동영상_광채_251001,https://scontent-dfw5-1.xx.fbcdn.net/v/t15.5256-10/552946223_1488745322157428_9177914427699786811_n.jpg?_nc_cat=107&ccb=1-7&_nc_ohc=S2kyYoFNJm8Q7kNvwGOj4s3&_nc_oc=AdlVTPDOYKit4eDt4dgEdK4CNoeODNCo113OeUZ1Lvq1AKYWv8OIxIVlM7sYg4zgJO8&_nc_zt=23&_nc_ht=scontent-dfw5-1.xx&edm=AAT1rw8EAAAA&_nc_gid=LBGr16ENGTWBX45bkKi1xQ&_nc_tpa=Q5bMBQHzG7a1he9LDA-XM3lunrD4-K2yi3r5GJfRjSk2oqN4lYapS3s1Af4fRpKRENUizUADgMIbYC6hjA&stp=c0.5000x0.5000f_dst-emg0_p1200x1200_q75_tt6&ur=b696e2&_nc_sid=58080a&oh=00_AfnnqW3cOmxeu0AeIdnH_GnYUoOUmjnehU0ivESoacybzA&oe=695A8125,https://fb.me/23fsHMLTAZbubnt
wave_콘텐츠조회_br_글로우_동영상_광채_251014,https://scontent-dfw5-1.xx.fbcdn.net/v/t15.5256-10/552946223_1488745322157428_9177914427699786811_n.jpg?_nc_cat=107&ccb=1-7&_nc_ohc=S2kyYoFNJm8Q7kNvwFmOQTU&_nc_oc=Adn7lRJ2xu3-WzelQdXMVPjRWK05m6yPVkZ4lDYN72_2IsBW7mY6BNVtShjRAELrDQ4&_nc_zt=23&_nc_ht=scontent-dfw5-1.xx&edm=AAT1rw8EAAAA&_nc_gid=I2_-Z2mUx38LDlrmp07ufQ&_nc_tpa=Q5bMBQFtgNhNATFf4jk1szBIT6uN14NofG5IGjTM_r1tRhMQ5VBgC5VbSjQoJQ_lf6b5LCxt7BiQNAdowA&stp=c0.5000x0.5000f_dst-emg0_p1200x1200_q75_tt6&ur=b696e2&_nc_sid=58080a&oh=00_Afn3aAlNmWU40--qFTzEAEqH16wQf3eU0PSvgvY1ytQ5Rg&oe=695A8125,https://fb.me/1YLmDykTVdspHvK
wave_구매_asc_br_글로우_동영상_광채_251125,https://scontent-dfw5-1.xx.fbcdn.net/v/t15.5256-10/552946223_1488745322157428_9177914427699786811_n.jpg?_nc_cat=107&ccb=1-7&_nc_ohc=S2kyYoFNJm8Q7kNvwEsi3PJ&_nc_oc=AdldKS4Ns5RtJdNtE6ziFD3a2pQ_8xr1wEprCivuDrQJ0Echt5Fr-APhBieL01Zmjxs&_nc_zt=23&_nc_ht=scontent-dfw5-1.xx&edm=AAT1rw8EAAAA&_nc_gid=mSpjmZXp2ohZ3Ij1N5g1Ag&_nc_tpa=Q5bMBQEhXdzn9gRE98AWQ6pQAETx_R_e2hCs62XKMspCBC4-1u3vfsBjpzrLKHVHjetKirllrIhoUisFKQ&stp=c0.5000x0.5000f_dst-emg0_p1200x1200_q75_tt6&ur=b696e2&_nc_sid=58080a&oh=00_AfkY4ToFfuxocRnguqJyKCDiuCbuKiRe7UWcfX2xGwSOOQ&oe=695A8125,https://fb.me/1QRDNz5Cb9PTmf5
WAVE_핀브_전환_체험판시작_자사몰_상시_글로우_동영상_수분가득_250925,https://scontent-dfw5-1.xx.fbcdn.net/v/t15.5256-10/545385432_25678156721784474_2743921360301976084_n.jpg?_nc_cat=105&ccb=1-7&_nc_ohc=C0iu3cml9ZEQ7kNvwHURDqQ&_nc_oc=AdnYspYVCiVYq9vuUuSgaVyFCgKyNk6P8dyuC_KQt2dRMj2DmHYgtN_8kxeh2a4jWXs&_nc_zt=23&_nc_ht=scontent-dfw5-1.xx&edm=AAT1rw8EAAAA&_nc_gid=TUJUkr1ozb3ScrWGS3mJUg&_nc_tpa=Q5bMBQFo50JOJ3XvosuQNaOs1VTKA9SlDiH9jYTQ709IMEVtTo9q32PEwaaWULT2H8s57MigZRUmAu38sA&stp=c0.5000x0.5000f_dst-emg0_p1200x1200_q75_tt6&ur=b696e2&_nc_sid=58080a&oh=00_AfnMRzF3K2HA_TjboxHnbF8aLH6K2t1DpK-hdQ-yBGgCew&oe=695A84BA,https://fb.me/1RmFbywiqMdQrkB
WAVE_핀브_전환_구매ASC_자사몰_상시_글로우_동영상_수분가득_250910,https://scontent-dfw5-1.xx.fbcdn.net/v/t15.5256-10/545385432_25678156721784474_2743921360301976084_n.jpg?_nc_cat=105&ccb=1-7&_nc_ohc=C0iu3cml9ZEQ7kNvwHURDqQ&_nc_oc=AdnYspYVCiVYq9vuUuSgaVyFCgKyNk6P8dyuC_KQt2dRMj2DmHYgtN_8kxeh2a4jWXs&_nc_zt=23&_nc_ht=scontent-dfw5-1.xx&edm=AAT1rw8EAAAA&_nc_gid=d_yVD_UPqU0GDCMefl5scA&_nc_tpa=Q5bMBQEvp_CLbqjqEDYApNZY5NjCM6kGT1-MTLvFxJIIoviDOBUTuoipe3_ZOKw8LI0vC5KCEqtYhySDMw&stp=c0.5000x0.5000f_dst-emg0_p1200x1200_q75_tt6&ur=b696e2&_nc_sid=58080a&oh=00_Afl7YqOq9NQmxOmLEaL2hUbS4GvG_U0Vq0Vc1BSRZ7qDEg&oe=695A84BA,https://fb.me/25HxQwptrdtDTXl
WAVE_핀브_전환_콘텐츠조회_자사몰_상시_글로우_동영상_수분가득_250910,https://scontent-dfw5-1.xx.fbcdn.net/v/t15.5256-10/545385432_25678156721784474_2743921360301976084_n.jpg?_nc_cat=105&ccb=1-7&_nc_ohc=C0iu3cml9ZEQ7kNvwHURDqQ&_nc_oc=AdnYspYVCiVYq9vuUuSgaVyFCgKyNk6P8dyuC_KQt2dRMj2DmHYgtN_8kxeh2a4jWXs&_nc_zt=23&_nc_ht=scontent-dfw5-1.xx&edm=AAT1rw8EAAAA&_nc_gid=Chu1Q9gUkby10GdYZpnxDQ&_nc_tpa=Q5bMBQH3popYraLKbC9zaGD3k7YztR4HED7bOimdtJOs93d5eoYyWiie13S_PmFQPyDnd8YQ8wXmW9cUKw&stp=c0.5000x0.5000f_dst-emg0_p1200x1200_q75_tt6&ur=b696e2&_nc_sid=58080a&oh=00_AfnoDLNfss2ebSwa-2IvqVptiUm72R4UVE0zImUHkq5WTQ&oe=695A84BA,https://fb.me/1RaWdoviQbUHIje
wave_구매_asc_br_글로우_동영상_수분가득_251014,https://scontent-dfw5-1.xx.fbcdn.net/v/t15.5256-10/545385432_25678156721784474_2743921360301976084_n.jpg?_nc_cat=105&ccb=1-7&_nc_ohc=C0iu3cml9ZEQ7kNvwHURDqQ&_nc_oc=AdnYspYVCiVYq9vuUuSgaVyFCgKyNk6P8dyuC_KQt2dRMj2DmHYgtN_8kxeh2a4jWXs&_nc_zt=23&_nc_ht=scontent-dfw5-1.xx&edm=AAT1rw8EAAAA&_nc_gid=_lAoRD6BZdmE4cmqK-4uiA&_nc_tpa=Q5bMBQGGQrAw4Lx8fjo5s6g8xjMp_0AyVwDzPaHagT_GzJ-Zd_qOYLHPX2hWa6Evkd7oWI3hdBO5WzBlQQ&stp=c0.5000x0.5000f_dst-emg0_p1200x1200_q75_tt6&ur=b696e2&_nc_sid=58080a&oh=00_AflOSVm-6SrudafCVt3QvN_ayq84VnQWrfTERnq-TAraTw&oe=695A84BA,https://fb.me/2dykOkS9JRh7lSe
WAVE_핀브_전환_구매상세_자사몰_상시_글로우_동영상_수분가득_250910,https://scontent-dfw5-1.xx.fbcdn.net/v/t15.5256-10/545385432_25678156721784474_2743921360301976084_n.jpg?_nc_cat=105&ccb=1-7&_nc_ohc=C0iu3cml9ZEQ7kNvwHA7wdY&_nc_oc=AdnIuvY80n4Cl-mOSdMB9vw3tyXcY-igjSXvTI0hAFcuNzTVt98gX_c4EJ28FWQmXaU&_nc_zt=23&_nc_ht=scontent-dfw5-1.xx&edm=AAT1rw8EAAAA&_nc_gid=rHcKdN23mtEnw7jCUamZ5g&_nc_tpa=Q5bMBQF5D8PoiK69QyaGPToSF9yqMT9FfQCvOSCkMUFsHakYMrUPCo5YG9CDKuHNBFqCwE3Oky9G9wBt4A&stp=c0.5000x0.5000f_dst-emg0_p1200x1200_q75_tt6&ur=b696e2&_nc_sid=58080a&oh=00_Afl2nI1cl6OJagDZ7zH6uRcrLhkXBBlCEoMW4yMTg8aq3A&oe=695A84BA,https://fb.me/2miVNWmGH3Hd269
WAVE_핀브_전환_구매ASC_자사몰_상시_글로우_동영상_수분가득_250910,https://scontent-dfw5-1.xx.fbcdn.net/v/t15.5256-10/545385432_25678156721784474_2743921360301976084_n.jpg?_nc_cat=105&ccb=1-7&_nc_ohc=C0iu3cml9ZEQ7kNvwHA7wdY&_nc_oc=AdnIuvY80n4Cl-mOSdMB9vw3tyXcY-igjSXvTI0hAFcuNzTVt98gX_c4EJ28FWQmXaU&_nc_zt=23&_nc_ht=scontent-dfw5-1.xx&edm=AAT1rw8EAAAA&_nc_gid=OdsTdPMAbshTV9j1Rk4cLQ&_nc_tpa=Q5bMBQE-uGgVF8p6zpvSy1ZUyuQKIsEzLt6vskI_MNC6FOxAd7Y89L6jVj4g41mqMa0RU3VtMPkPt9w1bQ&stp=c0.5000x0.5000f_dst-emg0_p1200x1200_q75_tt6&ur=b696e2&_nc_sid=58080a&oh=00_Afk1NaZ1gFd4stjDPqu7ryeEF-oB30JvLhOIgHWwFT1YIg&oe=695A84BA,https://fb.me/1XZViFh38gyNhUq
WAVE_핀브_전환_장바구니_자사몰_상시_글로우_동영상_수분가득_250910,https://scontent-dfw5-1.xx.fbcdn.net/v/t15.5256-10/545385432_25678156721784474_2743921360301976084_n.jpg?_nc_cat=105&ccb=1-7&_nc_ohc=C0iu3cml9ZEQ7kNvwHA7wdY&_nc_oc=AdnIuvY80n4Cl-mOSdMB9vw3tyXcY-igjSXvTI0hAFcuNzTVt98gX_c4EJ28FWQmXaU&_nc_zt=23&_nc_ht=scontent-dfw5-1.xx&edm=AAT1rw8EAAAA&_nc_gid=Kpqws-Y2J8MjnmXpzStZYQ&_nc_tpa=Q5bMBQH_ljCB78bTHwcLY5LJYXLj-kmtIluRV0E5F9FN6YPWVotRR--_tfaXkyf0tjtUEc1M1sgVedm4hw&stp=c0.5000x0.5000f_dst-emg0_p1200x1200_q75_tt6&ur=b696e2&_nc_sid=58080a&oh=00_AfnkxlN9FDQDNx9xL8g-qqn3xYeif3ECE8WNunAdYZ00lg&oe=695A84BA,https://fb.me/1OfMh2xGYUlhde8
wave_구매_asc_de_글로우_동영상_수분가득_251014,https://scontent-dfw5-1.xx.fbcdn.net/v/t15.5256-10/545385432_25678156721784474_2743921360301976084_n.jpg?_nc_cat=105&ccb=1-7&_nc_ohc=C0iu3cml9ZEQ7kNvwEu5lUx&_nc_oc=AdnZzcWQ2FrQh7Pr4yCEnRZRvqMsVQALm5sfdgsUTSH0a9C32pbEozUqpU_h9Z5-3Gc&_nc_zt=23&_nc_ht=scontent-dfw5-1.xx&edm=AAT1rw8EAAAA&_nc_gid=zXd9HBAoM9Mo0FxZo3w5eg&_nc_tpa=Q5bMBQHyDYYWyJ5CoVgJeO_EiIeXfQDVHeYW02TV22D6NkY-cErruuSc0wEsK62_KA3P4P1fBDkQ0EW9Jw&stp=c0.5000x0.5000f_dst-emg0_p1200x1200_q75_tt6&ur=b696e2&_nc_sid=58080a&oh=00_AfnQKCxJleREH2MGznKsNsd1IRvzK2eaHlzn0sHETu4U8Q&oe=695A84BA,https://fb.me/2lVX2WON3ygylIp
WAVE_핀브_전환_콘텐츠조회_자사몰_상시_매트_동영상_강력밀착_250910,https://scontent-dfw5-1.xx.fbcdn.net/v/t15.13418-10/544900264_758503633631057_238014705966635403_n.jpg?_nc_cat=105&ccb=1-7&_nc_ohc=Xnf6TrEGRlsQ7kNvwHcI2FD&_nc_oc=AdlV9qxE7F6B5EPqekKXE0q4KktkzZN8F8cKFko35mDxpFlf1XL5HCt-bS-YlAkwQtQ&_nc_zt=23&_nc_ht=scontent-dfw5-1.xx&edm=AAT1rw8EAAAA&_nc_gid=Ym6D2J77L8gdQfT9P8wZOA&_nc_tpa=Q5bMBQFiSsCNLs9X8YBzm5-srkOeULT6pqr6uFHuNSFatWqzzg5LUaXd2bxr8U2Xy1DWMVMUeSyGOYzDdw&stp=c0.5000x0.5000f_dst-emg0_p1200x1200_q75_tt6&ur=c3b633&_nc_sid=58080a&oh=00_AfkzLU3knJkM1lTb4rpSp0THVdPXhW8797_SNJD8ysrFLw&oe=695A59AE,https://fb.me/23W8AdZw8INWTXI
WAVE_핀브_전환_체험판시작_자사몰_상시_매트_동영상_강력밀착_250925,https://scontent-dfw5-1.xx.fbcdn.net/v/t15.13418-10/544900264_758503633631057_238014705966635403_n.jpg?_nc_cat=105&ccb=1-7&_nc_ohc=Xnf6TrEGRlsQ7kNvwGWcVYI&_nc_oc=Adnw0dh6UxYEemdGIJkXpcblm33aw6HtnyLt0wr9XvSqaWNLwvkCN_q1SbPmUAxaarE&_nc_zt=23&_nc_ht=scontent-dfw5-1.xx&edm=AAT1rw8EAAAA&_nc_gid=bYvXbrRKerjYsxm2P6-eNw&_nc_tpa=Q5bMBQEw4jkMRHliDZrXqE_81qATzGfgq-PxktW_cv0aKXG7V5c_0GNxeTWWwO-0FBKy7JQz6OPIrgFwmA&stp=c0.5000x0.5000f_dst-emg0_p1200x1200_q75_tt6&ur=c3b633&_nc_sid=58080a&oh=00_AfnyQPHdUBY-aE3huvTjFgoID_K6jtKFNsuc23wQrdKHBg&oe=695A59AE,https://fb.me/26yjuaV8s64nnog
wave_콘텐츠조회_br_매트_동영상_강력밀착_251014,https://scontent-dfw5-1.xx.fbcdn.net/v/t15.13418-10/544900264_758503633631057_238014705966635403_n.jpg?_nc_cat=105&ccb=1-7&_nc_ohc=Xnf6TrEGRlsQ7kNvwEU-3RL&_nc_oc=AdkH1xxpBe4eOu9SD_Frx3MhxWJQIhHfXl062H6dFIenRRsXCfrC541KA9sHDqjb7as&_nc_zt=23&_nc_ht=scontent-dfw5-1.xx&edm=AAT1rw8EAAAA&_nc_gid=CC1cSRG11ucSAj43I8Vevg&_nc_tpa=Q5bMBQHLsIDp1E8rq1soQQFEPzieMa_x7S9RHbd0GzaSwZiZh5JpKwzUkYUuSZ0Cqlogfh8uJoTAOp6slg&stp=c0.5000x0.5000f_dst-emg0_p1200x1200_q75_tt6&ur=c3b633&_nc_sid=58080a&oh=00_AflssjBs7vbwWKNTCt-kwvgWd5E_6JW7cVCLbV1aFJHwgA&oe=695A59AE,https://fb.me/2sP7QEglGcd40B0
-,https://img.youtube.com/vi/-/hqdefault.jpg,https://www.youtube.com/watch?v=-
-,https://img.youtube.com/vi/-/hqdefault.jpg,https://www.youtube.com/watch?v=-
상세WAVE_핀브_트래픽_올영_상시_매트_동영상_영롱한_251207,https://drive.google.com/file/d/1jpAYvwzExg9XPfNjIJG88n2C-8-iQRG6/view,-
